Compare Type," ""Source Offset"""," ""Source Count (dec)"""," ""Source Count (hex)"""," ""Target Offset"""," ""Target Count (dec)"""," ""Target Count (hex)"""
Matched,0,2832, 0B10,0,2832, 0B10
Replaced, 00000B10,1,1, 00000B10,1,1
Matched, 00000B11,68,44, 00000B11,68,44
Replaced, 00000B55,6,6, 00000B55,6,6
Matched, 00000B5B,9051, 235B, 00000B5B,9051, 235B
Replaced, 00002EB6,1,1, 00002EB6,1,1
Matched, 00002EB7,591, 024F, 00002EB7,591, 024F
Replaced,3106,25,19,3106,25,19
Matched, 0000311F,43, 2B, 0000311F,43, 2B
Replaced, 0000314A,1,1, 0000314A,1,1
Matched, 0000314B,49,31, 0000314B,49,31
Replaced, 0000317C,79, 4F, 0000317C,85,55
Matched, 000031CB,50,32, 000031D1,50,32
Replaced, 000031FD,1,1,3203,1,1
Matched, 000031FE,110, 6E,3204,110, 6E
Replaced, 0000326C,1,1,3272,1,1
Matched, 0000326D,72,48,3273,72,48
Replaced, 000032B5,1,1, 000032BB,1,1
Matched, 000032B6,180, B4, 000032BC,180, B4
Replaced, 0000336A,1,1,3370,1,1
Matched, 0000336B,56,38,3371,56,38
Replaced, 000033A3,1,1, 000033A9,1,1
Matched, 000033A4,52,34, 000033AA,52,34
Replaced, 000033D8,1,1, 000033DE,1,1
Matched, 000033D9,40,28, 000033DF,40,28
Replaced,3401,1,1,3407,1,1
Matched,3402,37,25,3408,37,25
Replaced,3427,1,1, 0000342D,1,1
Matched,3428,144,90, 0000342E,144,90
Replaced, 000034B8,1,1, 000034BE,1,1
Matched, 000034B9,56,38, 000034BF,56,38
Replaced, 000034F1,1,1, 000034F7,1,1
Matched, 000034F2,87,57, 000034F8,87,57
Replaced,3549,36,24, 0000354F,36,24
Matched, 0000356D,40,28,3573,40,28
Replaced,3595,26, 1A, 0000359B,26, 1A
Matched, 000035AF,67,43, 000035B5,67,43
Replaced, 000035F2,7,7, 000035F8,7,7
Matched, 000035F9,67,43, 000035FF,67,43
Replaced, 0000363C,24,18,3642,24,18
Matched,3654,300, 012C, 0000365A,300, 012C
Replaced,3780,58, 3A,3786,58, 3A
Matched, 000037BA,92, 5C, 000037C0,92, 5C
Replaced,3816,1,1, 0000381C,1,1
Matched,3817,44, 2C, 0000381D,44, 2C
Replaced,3843,1,1,3849,1,1
Matched,3844,32,20, 0000384A,32,20
Replaced,3864,1,1, 0000386A,1,1
Matched,3865,110, 6E, 0000386B,110, 6E
Replaced, 000038D3,1,1, 000038D9,1,1
Matched, 000038D4,92, 5C, 000038DA,92, 5C
Replaced,3930,1,1,3936,1,1
Matched,3931,76, 4C,3937,76, 4C
Replaced, 0000397D,23,17,3983,23,17
Matched,3994,121,79, 0000399A,121,79
Replaced, 00003A0D,1,1, 00003A13,1,1
Matched, 00003A0E,74, 4A, 00003A14,74, 4A
Replaced, 00003A58,8,8, 00003A5E,8,8
Matched, 00003A60,45, 2D, 00003A66,45, 2D
Replaced, 00003A8D,1,1, 00003A93,1,1
Matched, 00003A8E,34,22, 00003A94,34,22
Replaced, 00003AB0,1,1, 00003AB6,1,1
Matched, 00003AB1,33,21, 00003AB7,33,21
Replaced, 00003AD2,1,1, 00003AD8,1,1
Matched, 00003AD3,106, 6A, 00003AD9,106, 6A
Replaced, 00003B3D,16,10, 00003B43,16,10
Matched, 00003B4D,97,61, 00003B53,97,61
Replaced, 00003BAE,23,17, 00003BB4,23,17
Matched, 00003BC5,250, FA, 00003BCB,250, FA
Replaced, 00003CBF,1,1, 00003CC5,1,1
Matched, 00003CC0,135,87, 00003CC6,135,87
Replaced, 00003D47,8,8, 00003D4D,8,8
Matched, 00003D4F,57,39, 00003D55,57,39
Replaced, 00003D88,1,1, 00003D8E,1,1
Matched, 00003D89,55,37, 00003D8F,55,37
Replaced, 00003DC0,28, 1C, 00003DC6,28, 1C
Matched, 00003DDC,1190, 04A6, 00003DE2,1190, 04A6
Replaced,4282,6,6,4288,6,6
Matched,4288,224, E0, 0000428E,224, E0
Replaced,4368,23,17, 0000436E,23,17
Matched, 0000437F,33,21,4385,33,21
Replaced, 000043A0,1,1, 000043A6,1,1
Matched, 000043A1,40,28, 000043A7,40,28
Replaced, 000043C9,19,13, 000043CF,19,13
Matched, 000043DC,324,144,4.30E+03,324,144
Replaced,4520,1,1,4526,1,1
Matched,4521,112,70,4527,112,70
Replaced,4591,13, 0D,4597,13, 0D
Matched, 0000459E,78, 4E, 000045A4,78, 4E
Replaced, 000045EC,1,1, 000045F2,1,1
Matched, 000045ED,94, 5E, 000045F3,94, 5E
Replaced, 0000464B,62, 3E,4651,62, 3E
Matched,4689,75, 4B, 0000468F,75, 4B
Replaced, 000046D4,21,15, 000046DA,21,15
Matched,4.60E+10,165, A5, 000046EF,165, A5
Replaced, 0000478E,60, 3C,4794,60, 3C
Matched, 000047CA,45, 2D, 000047D0,45, 2D
Replaced, 000047F7,66,42, 000047FD,66,42
Matched,4839,38,26, 0000483F,38,26
Replaced, 0000485F,20,14,4865,20,14
Matched,4873,100,64,4879,100,64
Replaced, 000048D7,23,17, 000048DD,23,17
Matched, 000048EE,35,23, 000048F4,35,23
Replaced,4911,19,13,4917,19,13
Matched,4924,143, 8F, 0000492A,143, 8F
Replaced, 000049B3,6,6, 000049B9,6,6
Matched, 000049B9,38,26, 000049BF,38,26
Replaced, 000049DF,25,19,4.90E+06,25,19
Matched, 000049F8,39,27, 000049FE,39,27
Replaced, 00004A1F,24,18, 00004A25,24,18
Matched, 00004A37,94, 5E, 00004A3D,94, 5E
Replaced, 00004A95,62, 3E, 00004A9B,62, 3E
Matched, 00004AD3,126, 7E, 00004AD9,126, 7E
Replaced, 00004B51,41,29, 00004B57,41,29
Matched, 00004B7A,56,38, 00004B80,56,38
Replaced, 00004BB2,145,91, 00004BB8,145,91
Matched, 00004C43,33,21, 00004C49,33,21
Replaced, 00004C64,16,10, 00004C6A,16,10
Matched, 00004C74,63, 3F, 00004C7A,63, 3F
Replaced, 00004CB3,16,10, 00004CB9,16,10
Matched, 00004CC3,4919,1337, 00004CC9,4919,1337
Inserted, 00005FFA,6,6,6000,0,0
Matched,6000,26192,6650,6000,26192,6650
Replaced, 0000C650,32,20, 0000C650,32,20
Matched, 0000C670,373,175, 0000C670,373,175
Replaced, 0000C7E5,1,1, 0000C7E5,1,1
Matched, 0000C7E6,55,37, 0000C7E6,55,37
Replaced, 0000C81D,1,1, 0000C81D,1,1
Matched, 0000C81E,271, 010F, 0000C81E,271, 010F
Replaced, 0000C92D,9,9, 0000C92D,9,9
Matched, 0000C936,182, B6, 0000C936,182, B6
Replaced, 0000C9EC,33,21, 0000C9EC,33,21
Matched, 0000CA0D,138, 8A, 0000CA0D,138, 8A
Replaced, 0000CA97,33,21, 0000CA97,33,21
Matched, 0000CAB8,197, C5, 0000CAB8,197, C5
Replaced, 0000CB7D,17,11, 0000CB7D,17,11
Matched, 0000CB8E,3692, 0E6C, 0000CB8E,3692, 0E6C
Replaced, 0000D9FA,1,1, 0000D9FA,1,1
Matched, 0000D9FB,120,78, 0000D9FB,120,78
Replaced, 0000DA73,61, 3D, 0000DA73,61, 3D
Matched, 0000DAB0,6502,1966, 0000DAB0,6502,1966
Replaced, 0000F416,10, 0A, 0000F416,10, 0A
Matched, 0000F420,2963, 0B93, 0000F420,2963, 0B93
Replaced, 0000FFB3,45, 2D, 0000FFB3,45, 2D
Matched, 0000FFE0,2699, 0A8B, 0000FFE0,2699, 0A8B
Replaced, 00010A6B,201, C9, 00010A6B,201, C9
Matched, 00010B34,382, 017E, 00010B34,382, 017E
Replaced, 00010CB2,33,21, 00010CB2,33,21
Matched, 00010CD3,41,29, 00010CD3,41,29
Replaced, 00010CFC,1,1, 00010CFC,1,1
Matched, 00010CFD,34,22, 00010CFD,34,22
Replaced, 00010D1F,1,1, 00010D1F,1,1
Matched, 00010D20,954, 03BA, 00010D20,954, 03BA
Replaced, 000110DA,2,2, 000110DA,2,2
Matched, 000110DC,1447, 05A7, 000110DC,1447, 05A7
Replaced,11683,37,25,11683,37,25
Matched, 000116A8,537,219, 000116A8,537,219
Replaced, 000118C1,2,2, 000118C1,2,2
Matched, 000118C3,1478, 05C6, 000118C3,1478, 05C6
Replaced,1.10E+90,1,1,1.10E+90,1,1
Matched, 00011E8A,177, B1, 00011E8A,177, B1
Replaced, 00011F3B,1,1, 00011F3B,1,1
Matched, 00011F3C,264,108, 00011F3C,264,108
Replaced,12044,1,1,12044,1,1
Matched,12045,1286,506,12045,1286,506
Replaced, 0001254B,26, 1A, 0001254B,26, 1A
Matched,12565,32,20,12565,32,20
Replaced,12585,26, 1A,12585,26, 1A
Matched, 0001259F,73,49, 0001259F,73,49
Replaced,1.25E+10,21,15,1.25E+10,21,15
Matched, 000125FD,94, 5E, 000125FD,94, 5E
Replaced, 0001265B,65,41, 0001265B,65,41
Matched, 0001269C,379, 017B, 0001269C,379, 017B
Replaced,12817,22,16,12817,22,16
Matched, 0001282D,1326, 052E, 0001282D,1326, 052E
Replaced, 00012D5B,22,16, 00012D5B,22,16
Matched, 00012D71,1523, 05F3, 00012D71,1523, 05F3
Replaced,13364,1,1,13364,1,1
Matched,13365,122, 7A,13365,122, 7A
Replaced, 000133DF,1,1, 000133DF,1,1
Matched,1.33E+02,60, 3C,1.33E+02,60, 3C
Replaced, 0001341C,1,1, 0001341C,1,1
Matched, 0001341D,67,43, 0001341D,67,43
Replaced,13460,1,1,13460,1,1
Matched,13461,57,39,13461,57,39
Replaced, 0001349A,1,1, 0001349A,1,1
Matched, 0001349B,2166,876, 0001349B,2166,876
Replaced, 00013D11,1,1, 00013D11,1,1
Matched, 00013D12,55,37, 00013D12,55,37
Replaced, 00013D49,1,1, 00013D49,1,1
Matched, 00013D4A,65,41, 00013D4A,65,41
Replaced, 00013D8B,1,1, 00013D8B,1,1
Matched, 00013D8C,52,34, 00013D8C,52,34
Replaced, 00013DC0,1,1, 00013DC0,1,1
Matched, 00013DC1,194, C2, 00013DC1,194, C2
Replaced,1.30E+84,1,1,1.30E+84,1,1
Matched,1.30E+85,55,37,1.30E+85,55,37
Replaced, 00013EBB,1,1, 00013EBB,1,1
Matched, 00013EBC,4586, 11EA, 00013EBC,4586, 11EA
Replaced, 000150A6,1,1, 000150A6,1,1
Matched, 000150A7,249, F9, 000150A7,249, F9
Replaced, 000151A0,1,1, 000151A0,1,1
Matched, 000151A1,637, 027D, 000151A1,637, 027D
Replaced, 0001541E,1,1, 0001541E,1,1
Matched, 0001541F,217, D9, 0001541F,217, D9
Replaced, 000154F8,1,1, 000154F8,1,1
Matched, 000154F9,106, 6A, 000154F9,106, 6A
Replaced,15563,1,1,15563,1,1
Matched,15564,410, 019A,15564,410, 019A
Replaced, 000156FE,1,1, 000156FE,1,1
Matched, 000156FF,50,32, 000156FF,50,32
Replaced,15731,1,1,15731,1,1
Matched,15732,32,20,15732,32,20
Replaced,15752,1,1,15752,1,1
Matched,15753,49,31,15753,49,31
Replaced,15784,1,1,15784,1,1
Matched,15785,60, 3C,15785,60, 3C
Replaced, 000157C1,1,1, 000157C1,1,1
Matched, 000157C2,217, D9, 000157C2,217, D9
Replaced, 0001589B,1,1, 0001589B,1,1
Matched, 0001589C,178, B2, 0001589C,178, B2
Replaced, 0001594E,1,1, 0001594E,1,1
Matched, 0001594F,241, F1, 0001594F,241, F1
Replaced, 00015A40,12, 0C, 00015A40,12, 0C
Matched, 00015A4C,72,48, 00015A4C,72,48
Replaced, 00015A94,12, 0C, 00015A94,12, 0C
Matched, 00015AA0,72,48, 00015AA0,72,48
Replaced, 00015AE8,46, 2E, 00015AE8,46, 2E
Matched, 00015B16,72,48, 00015B16,72,48
Replaced, 00015B5E,29, 1D, 00015B5E,29, 1D
Matched, 00015B7B,98,62, 00015B7B,98,62
Replaced, 00015BDD,1,1, 00015BDD,1,1
Matched, 00015BDE,1006, 03EE, 00015BDE,1006, 03EE
Replaced, 00015FCC,1,1, 00015FCC,1,1
Matched, 00015FCD,148,94, 00015FCD,148,94
Replaced,16061,1,1,16061,1,1
Matched,16062,560,230,16062,560,230
Replaced,16292,20,14,16292,20,14
Matched, 000162A6,49,31, 000162A6,49,31
Replaced, 000162D7,1,1, 000162D7,1,1
Matched, 000162D8,439, 01B7, 000162D8,439, 01B7
Replaced, 0001648F,1,1, 0001648F,1,1
Matched,16490,148,94,16490,148,94
Replaced,16524,1,1,16524,1,1
Matched,16525,111, 6F,16525,111, 6F
Replaced,16594,1,1,16594,1,1
Matched,16595,51,33,16595,51,33
Replaced, 000165C8,1,1, 000165C8,1,1
Matched, 000165C9,109, 6D, 000165C9,109, 6D
Replaced,16636,18,12,16636,18,12
Matched,16648,48,30,16648,48,30
Replaced,16678,1,1,16678,1,1
Matched,16679,448, 01C0,16679,448, 01C0
Replaced,16839,1,1,16839,1,1
Matched, 0001683A,99,63, 0001683A,99,63
Replaced, 0001689D,1,1, 0001689D,1,1
Matched, 0001689E,119,77, 0001689E,119,77
Replaced,16915,1,1,16915,1,1
Matched,16916,516,204,16916,516,204
Replaced, 00016B1A,16,10, 00016B1A,16,10
Matched, 00016B2A,89,59, 00016B2A,89,59
Replaced, 00016B83,1,1, 00016B83,1,1
Matched, 00016B84,119,77, 00016B84,119,77
Replaced, 00016BFB,1,1, 00016BFB,1,1
Matched, 00016BFC,159, 9F, 00016BFC,159, 9F
Replaced, 00016C9B,1,1, 00016C9B,1,1
Matched, 00016C9C,71,47, 00016C9C,71,47
Replaced, 00016CE3,1,1, 00016CE3,1,1
Matched, 00016CE4,83,53, 00016CE4,83,53
Replaced, 00016D37,1,1, 00016D37,1,1
Matched, 00016D38,75, 4B, 00016D38,75, 4B
Replaced, 00016D83,1,1, 00016D83,1,1
Matched, 00016D84,203, CB, 00016D84,203, CB
Replaced, 00016E4F,1,1, 00016E4F,1,1
Matched,1.60E+51,266, 010A,1.60E+51,266, 010A
Replaced, 00016F5A,73,49, 00016F5A,73,49
Matched, 00016FA3,982, 03D6, 00016FA3,982, 03D6
Replaced,17379,1,1,17379,1,1
Matched, 0001737A,478, 01DE, 0001737A,478, 01DE
Replaced,17558,1,1,17558,1,1
Matched,17559,153,99,17559,153,99
Replaced, 000175F2,39,27, 000175F2,36,24
Matched,17619,87,57,17616,87,57
Replaced,17670,30, 1E, 0001766D,30, 1E
Matched, 0001768E,61, 3D, 0001768B,61, 3D
Replaced, 000176CB,1,1, 000176C8,1,1
Matched, 000176CC,52,34, 000176C9,52,34
Replaced,17700,1,1, 000176FD,1,1
Matched,17701,75, 4B, 000176FE,75, 4B
Replaced, 0001774C,29, 1D,17749,29, 1D
Matched,17769,53,35,17766,53,35
Replaced, 0001779E,48,30, 0001779B,48,30
Matched, 000177CE,2098,832, 000177CB,2098,832
Deleted,18000,0,0, 00017FFD,3,3
Matched,18000,34585,8719,18000,34585,8719
Replaced,20719,100,64,20719,100,64
Matched, 0002077D,32,20, 0002077D,32,20
Replaced, 0002079D,1,1, 0002079D,1,1
Matched, 0002079E,38,26, 0002079E,38,26
Replaced, 000207C4,43, 2B, 000207C4,43, 2B
Matched, 000207EF,65,41, 000207EF,65,41
Replaced,20830,13, 0D,20830,13, 0D
Matched, 0002083D,62, 3E, 0002083D,62, 3E
Replaced, 0002087B,295,127, 0002087B,295,127
Matched, 000209A2,604, 025C, 000209A2,604, 025C
Replaced, 00020BFE,31, 1F, 00020BFE,31, 1F
Matched, 00020C1D,277,115, 00020C1D,277,115
Replaced, 00020D32,1,1, 00020D32,1,1
Matched, 00020D33,102,66, 00020D33,102,66
Replaced, 00020D99,1,1, 00020D99,1,1
Matched, 00020D9A,44, 2C, 00020D9A,44, 2C
Replaced, 00020DC6,1,1, 00020DC6,1,1
Matched, 00020DC7,139, 8B, 00020DC7,139, 8B
Replaced,2.00E+53,60, 3C,2.00E+53,60, 3C
Matched, 00020E8E,946, 03B2, 00020E8E,946, 03B2
Replaced,21240,1,1,21240,1,1
Matched,21241,116,74,21241,116,74
Replaced, 000212B5,15, 0F, 000212B5,15, 0F
Matched, 000212C4,872,368, 000212C4,872,368
Replaced, 0002162C,29, 1D, 0002162C,29, 1D
Matched,21649,128,80,21649,128,80
Replaced, 000216C9,1,1, 000216C9,1,1
Matched, 000216CA,32,20, 000216CA,32,20
Replaced, 000216EA,25,19, 000216EA,25,19
Matched,21703,2062, 080E,21703,2062, 080E
Replaced, 00021F11,1,1, 00021F11,1,1
Matched, 00021F12,1326, 052E, 00021F12,1326, 052E
Replaced,22440,1,1,22440,1,1
Matched,22441,32,20,22441,32,20
Replaced,22461,1,1,22461,1,1
Matched,22462,105,69,22462,105,69
Replaced, 000224CB,31, 1F, 000224CB,31, 1F
Matched, 000224EA,58911, E61F, 000224EA,58911, E61F
Replaced, 00030B09,1,1, 00030B09,1,1
Matched, 00030B0A,1148, 047C, 00030B0A,1148, 047C
Replaced, 00030F86,1,1, 00030F86,1,1
Matched, 00030F87,117,75, 00030F87,117,75
Replaced, 00030FFC,1,1, 00030FFC,1,1
Matched, 00030FFD,1585,631, 00030FFD,1585,631
Replaced, 0003162E,1,1, 0003162E,1,1
Matched, 0003162F,79, 4F, 0003162F,79, 4F
Replaced, 0003167E,1,1, 0003167E,1,1
Matched, 0003167F,1603,643, 0003167F,1603,643
Replaced, 00031CC2,1,1, 00031CC2,1,1
Matched, 00031CC3,73,49, 00031CC3,73,49
Replaced, 00031D0C,1,1, 00031D0C,1,1
Matched, 00031D0D,172, AC, 00031D0D,172, AC
Replaced, 00031DB9,1,1, 00031DB9,1,1
Matched, 00031DBA,37,25, 00031DBA,37,25
Replaced, 00031DDF,1,1, 00031DDF,1,1
Matched, 00031DE0,486,1.00E+06, 00031DE0,486,1.00E+06
Replaced, 00031FC6,1,1, 00031FC6,1,1
Matched, 00031FC7,750, 02EE, 00031FC7,750, 02EE
Replaced, 000322B5,1,1, 000322B5,1,1
Matched, 000322B6,380, 017C, 000322B6,380, 017C
Replaced,32432,1,1,32432,1,1
Matched,32433,148,94,32433,148,94
Replaced, 000324C7,31, 1F, 000324C7,31, 1F
Matched,3.24E+08,456, 01C8,3.24E+08,456, 01C8
Replaced, 000326AE,1,1, 000326AE,1,1
Matched, 000326AF,1112,458, 000326AF,1112,458
Replaced, 00032B07,1,1, 00032B07,1,1
Matched, 00032B08,48,30, 00032B08,48,30
Replaced, 00032B38,1,1, 00032B38,1,1
Matched, 00032B39,541, 021D, 00032B39,541, 021D
Replaced, 00032D56,2,2, 00032D56,2,2
Matched, 00032D58,1036, 040C, 00032D58,1036, 040C
Replaced,33164,1,1,33164,1,1
Matched,33165,112,70,33165,112,70
Replaced, 000331D5,1,1, 000331D5,1,1
Matched, 000331D6,394, 018A, 000331D6,394, 018A
Replaced,33360,1,1,33360,1,1
Matched,33361,661,295,33361,661,295
Replaced, 000335F6,1,1, 000335F6,1,1
Matched, 000335F7,405,195, 000335F7,405,195
Replaced, 0003378C,1,1, 0003378C,1,1
Matched, 0003378D,461, 01CD, 0003378D,461, 01CD
Replaced, 0003395A,32,20, 0003395A,32,20
Matched, 0003397A,927, 039F, 0003397A,927, 039F
Replaced, 00033D19,1,1, 00033D19,1,1
Matched, 00033D1A,210, D2, 00033D1A,210, D2
Replaced, 00033DEC,1,1, 00033DEC,1,1
Matched, 00033DED,34,22, 00033DED,34,22
Replaced, 00033E0F,34,22, 00033E0F,34,22
Matched,3.30E+32,87,57,3.30E+32,87,57
Replaced,3.30E+89,13, 0D,3.30E+89,13, 0D
Matched,3.30E+96,937, 03A9,3.30E+96,937, 03A9
Replaced, 0003423E,1,1, 0003423E,1,1
Matched, 0003423F,173, AD, 0003423F,173, AD
Replaced, 000342EC,2,2, 000342EC,2,2
Matched, 000342EE,156, 9C, 000342EE,156, 9C
Replaced, 0003438A,1,1, 0003438A,1,1
Matched, 0003438B,1417,589, 0003438B,1417,589
Replaced,34914,1,1,34914,1,1
Matched,34915,46931, B753,34915,46931, B753
Replaced,40068,1,1,40068,1,1
Matched,40069,72,48,40069,72,48
Replaced, 000400B1,1,1, 000400B1,1,1
Matched, 000400B2,164, A4, 000400B2,164, A4
Replaced,40156,13, 0D,40156,13, 0D
Matched,40163,237, ED,40163,237, ED
Replaced,40250,1,1,40250,1,1
Matched,40251,77, 4D,40251,77, 4D
Replaced, 0004029E,1,1, 0004029E,1,1
Matched, 0004029F,149,95, 0004029F,149,95
Replaced,40334,2,2,40334,2,2
Matched,40336,58, 3A,40336,58, 3A
Replaced,40370,1,1,40370,1,1
Matched,40371,65,41,40371,65,41
Replaced, 000403B2,1,1, 000403B2,1,1
Matched, 000403B3,62, 3E, 000403B3,62, 3E
Replaced, 000403F1,31, 1F, 000403F1,31, 1F
Matched,40410,58, 3A,40410,58, 3A
Replaced, 0004044A,1,1, 0004044A,1,1
Matched, 0004044B,63, 3F, 0004044B,63, 3F
Replaced, 0004048A,2,2, 0004048A,2,2
Matched, 0004048C,85,55, 0004048C,85,55
Replaced,4.04E+03,1,1,4.04E+03,1,1
Matched,4.04E+04,53,35,4.04E+04,53,35
Replaced,40517,2,2,40517,2,2
Matched,40519,50,32,40519,50,32
Replaced, 0004054B,1,1, 0004054B,1,1
Matched, 0004054C,54,36, 0004054C,54,36
Replaced,40582,1,1,40582,1,1
Matched,40583,486,1.00E+06,40583,486,1.00E+06
Replaced,40769,1,1,40769,1,1
Matched, 0004076A,1028,404, 0004076A,1028,404
Replaced, 00040B6E,15, 0F, 00040B6E,15, 0F
Matched, 00040B7D,5581, 15CD, 00040B7D,5581, 15CD
Replaced, 0004214A,1,1, 0004214A,1,1
Matched, 0004214B,72,48, 0004214B,72,48
Replaced,42193,1,1,42193,1,1
Matched,42194,149,95,42194,149,95
Replaced,42229,1,1,42229,1,1
Matched, 0004222A,721, 02D1, 0004222A,721, 02D1
Replaced, 000424FB,2,2, 000424FB,2,2
Matched, 000424FD,104,68, 000424FD,104,68
Replaced,42565,1,1,42565,1,1
Matched,42566,78, 4E,42566,78, 4E
Replaced, 000425B4,5,5, 000425B4,5,5
Matched, 000425B9,94, 5E, 000425B9,94, 5E
Replaced,42617,1,1,42617,1,1
Matched,42618,112,70,42618,112,70
Replaced,42688,2,2,42688,2,2
Matched, 0004268A,115,73, 0004268A,115,73
Replaced, 000426FD,1,1, 000426FD,1,1
Matched, 000426FE,50,32, 000426FE,50,32
Replaced,42730,8,8,42730,8,8
Matched,42738,33,21,42738,33,21
Replaced,42759,1,1,42759,1,1
Matched, 0004275A,46, 2E, 0004275A,46, 2E
Replaced,42788,25,19,42788,25,19
Matched, 000427A1,305,131, 000427A1,305,131
Replaced, 000428D2,1,1, 000428D2,1,1
Matched, 000428D3,42, 2A, 000428D3,42, 2A
Replaced, 000428FD,69,45, 000428FD,112,70
Matched,42942,46, 2E, 0004296D,46, 2E
Replaced,42970,2,2, 0004299B,2,2
Matched,42972,133,85, 0004299D,133,85
Replaced, 000429F7,148,94, 00042A22,159, 9F
Matched, 00042A8B,34,22, 00042AC1,34,22
Replaced, 00042AAD,25,19, 00042AE3,25,19
Matched, 00042AC6,33,21, 00042AFC,33,21
Replaced, 00042AE7,98,62, 00042B1D,109, 6D
Matched, 00042B49,49,31, 00042B8A,49,31
Replaced, 00042B7A,1,1, 00042BBB,1,1
Matched, 00042B7B,46, 2E, 00042BBC,46, 2E
Replaced, 00042BA9,124, 7C, 00042BEA,124, 7C
Matched, 00042C25,135,87, 00042C66,135,87
Replaced, 00042CAC,13, 0D, 00042CED,13, 0D
Matched, 00042CB9,37,25, 00042CFA,37,25
Replaced, 00042CDE,1,1, 00042D1F,1,1
Matched, 00042CDF,36,24, 00042D20,36,24
Replaced, 00042D03,42, 2A, 00042D44,42, 2A
Matched, 00042D2D,44, 2C, 00042D6E,44, 2C
Replaced, 00042D59,161, A1, 00042D9A,161, A1
Matched, 00042DFA,115,73, 00042E3B,115,73
Replaced, 00042E6D,2,2, 00042EAE,2,2
Matched, 00042E6F,81,51, 00042EB0,81,51
Replaced, 00042EC0,2,2, 00042F01,2,2
Matched, 00042EC2,105,69, 00042F03,105,69
Replaced, 00042F2B,156, 9C, 00042F6C,156, 9C
Matched, 00042FC7,46, 2E,43008,46, 2E
Replaced, 00042FF5,20,14,43036,20,14
Matched,43009,56,38, 0004304A,56,38
Replaced,43041,1,1,43082,1,1
Matched,43042,53,35,43083,53,35
Replaced,43077,7,7, 000430B8,7,7
Matched, 0004307E,170, AA, 000430BF,170, AA
Replaced,43128,1,1,43169,1,1
Matched,43129,38,26, 0004316A,38,26
Replaced, 0004314F,64,40,43190,64,40
Matched, 0004318F,71,47, 000431D0,71,47
Replaced, 000431D6,25,19,43217,25,19
Matched, 000431EF,45, 2D,43230,45, 2D
Replaced, 0004321C,1,1, 0004325D,1,1
Matched, 0004321D,104,68, 0004325E,104,68
Replaced,43285,13, 0D, 000432C6,13, 0D
Matched,43292,44, 2C, 000432D3,44, 2C
Replaced, 000432BE,83,53, 000432FF,83,53
Matched,43311,62, 3E,43352,62, 3E
Replaced, 0004334F,2,2,43390,2,2
Matched,43351,40,28,43392,40,28
Replaced,43379,1,1, 000433BA,1,1
Matched, 0004337A,107, 6B, 000433BB,107, 6B
Replaced,4.33E+07,1,1,43426,1,1
Matched,4.33E+08,57,39,43427,57,39
Replaced, 0004341F,17,11,43460,17,11
Matched,43430,47, 2F,43471,47, 2F
Replaced, 0004345F,1,1, 000434A0,1,1
Matched,43460,106, 6A, 000434A1,106, 6A
Replaced, 000434CA,4,4, 0004350B,4,4
Matched, 000434CE,37,25, 0004350F,37,25
Replaced, 000434F3,114,72,43534,114,72
Matched,43565,39,27, 000435A6,39,27
Replaced, 0004358C,67,43, 000435CD,67,43
Matched, 000435CF,46, 2E,43610,46, 2E
Replaced, 000435FD,102,66, 0004363E,105,69
Matched,43663,85,55, 000436A7,85,55
Replaced, 000436B8,186, BA, 000436FC,207, CF
Matched,43772,32,20, 000437CB,32,20
Replaced,43792,1,1, 000437EB,120,78
Matched,43793,83,53,43863,83,53
Replaced,4.37E+08,241, F1, 000438B6,241, F1
Matched, 000438D7,32,20, 000439A7,32,20
Replaced, 000438F7,2,2, 000439C7,2,2
Matched, 000438F9,42, 2A, 000439C9,42, 2A
Replaced,43923,61, 3D, 000439F3,61, 3D
Matched,43960,41,29, 00043A30,41,29
Replaced,43989,2,2, 00043A59,2,2
Matched, 0004398B,52,34, 00043A5B,52,34
Replaced, 000439BF,1,1, 00043A8F,1,1
Matched, 000439C0,79, 4F, 00043A90,79, 4F
Replaced, 00043A0F,1,1, 00043ADF,1,1
Matched, 00043A10,73,49, 00043AE0,73,49
Replaced, 00043A59,160, A0, 00043B29,160, A0
Matched, 00043AF9,35,23, 00043BC9,35,23
Replaced, 00043B1C,4,4, 00043BEC,4,4
Matched, 00043B20,35,23, 00043BF0,35,23
Replaced, 00043B43,47, 2F, 00043C13,47, 2F
Matched, 00043B72,35,23, 00043C42,35,23
Replaced, 00043B95,22,16, 00043C65,22,16
Matched, 00043BAB,38,26, 00043C7B,38,26
Replaced, 00043BD1,101,65, 00043CA1,101,65
Matched, 00043C36,60, 3C, 00043D06,60, 3C
Replaced, 00043C72,16,10, 00043D42,16,10
Matched, 00043C82,53,35, 00043D52,53,35
Replaced, 00043CB7,16,10, 00043D87,16,10
Matched, 00043CC7,227, E3, 00043D97,227, E3
Replaced, 00043DAA,42, 2A, 00043E7A,42, 2A
Matched, 00043DD4,66,42, 00043EA4,66,42
Replaced,4.30E+17,143, 8F, 00043EE6,143, 8F
Matched, 00043EA5,52,34, 00043F75,52,34
Replaced, 00043ED9,36,24, 00043FA9,36,24
Matched, 00043EFD,67,43, 00043FCD,67,43
Replaced, 00043F40,1,1,44010,1,1
Matched, 00043F41,36,24,44011,36,24
Replaced, 00043F65,105,69,44035,105,69
Matched, 00043FCE,69,45, 0004409E,69,45
Replaced,44013,102,66,4.40E+05,102,66
Matched,44079,41,29,44149,41,29
Replaced, 000440A2,2,2,44172,2,2
Matched, 000440A4,137,89,44174,137,89
Replaced, 0004412D,303, 012F, 000441FD,303, 012F
Matched, 0004425C,161, A1, 0004432C,161, A1
Replaced, 000442FD,174, AE, 000443CD,174, AE
Matched, 000443AB,41,29, 0004447B,41,29
Replaced, 000443D4,49,31, 000444A4,49,31
Matched,44405,206, CE, 000444D5,206, CE
Replaced, 000444D3,1,1, 000445A3,1,1
Matched, 000444D4,68,44, 000445A4,68,44
Replaced,44518,1,1,4.45E+10,1,1
Matched,44519,39,27,4.45E+11,39,27
Replaced,44540,11, 0B,44610,11, 0B
Matched, 0004454B,45, 2D, 0004461B,45, 2D
Replaced,44578,1,1,44648,1,1
Matched,44579,34,22,44649,34,22
Replaced, 0004459B,192, C0, 0004466B,192, C0
Matched, 0004465B,34,22, 0004472B,34,22
Replaced, 0004467D,126, 7E, 0004474D,126, 7E
Matched, 000446FB,35,23, 000447CB,35,23
Replaced, 0004471E,60, 3C, 000447EE,60, 3C
Matched, 0004475A,32,20, 0004482A,32,20
Replaced, 0004477A,98,62, 0004484A,98,62
Matched, 000447DC,101,65, 000448AC,101,65
Replaced,44841,1,1,44911,1,1
Matched,44842,34,22,44912,34,22
Replaced,44864,35,23,44934,35,23
Matched,44887,42, 2A,44957,42, 2A
Replaced, 000448B1,22,16,44981,22,16
Matched, 000448C7,37,25,44997,37,25
Replaced, 000448EC,273,111, 000449BC,273,111
Matched, 000449FD,108, 6C, 00044ACD,108, 6C
Replaced, 00044A69,120,78, 00044B39,120,78
Matched, 00044AE1,46, 2E, 00044BB1,46, 2E
Replaced, 00044B0F,155, 9B, 00044BDF,155, 9B
Matched, 00044BAA,35,23, 00044C7A,35,23
Replaced, 00044BCD,2,2, 00044C9D,2,2
Matched, 00044BCF,32,20, 00044C9F,32,20
Replaced, 00044BEF,49,31, 00044CBF,49,31
Matched, 00044C20,167, A7, 00044CF0,167, A7
Replaced, 00044CC7,149,95, 00044D97,149,95
Matched, 00044D5C,32,20, 00044E2C,32,20
Replaced, 00044D7C,1,1, 00044E4C,1,1
Matched, 00044D7D,117,75, 00044E4D,117,75
Replaced, 00044DF2,45, 2D, 00044EC2,45, 2D
Matched, 00044E1F,32,20, 00044EEF,32,20
Replaced, 00044E3F,48,30, 00044F0F,48,30
Matched, 00044E6F,36,24, 00044F3F,36,24
Replaced,4.40E+94,43, 2B, 00044F63,43, 2B
Matched, 00044EBE,43, 2B, 00044F8E,43, 2B
Replaced, 00044EE9,28, 1C, 00044FB9,28, 1C
Matched, 00044F05,37,25, 00044FD5,37,25
Replaced, 00044F2A,44, 2C, 00044FFA,44, 2C
Matched, 00044F56,46, 2E,45026,46, 2E
Replaced, 00044F84,177, B1,45054,177, B1
Matched,45035,64,40,45105,64,40
Replaced,45075,39,27,45145,39,27
Matched, 0004509C,47, 2F, 0004516C,47, 2F
Replaced, 000450CB,7,7, 0004519B,7,7
Matched, 000450D2,101,65, 000451A2,101,65
Replaced,45137,14, 0E,45207,14, 0E
Matched,45145,41,29,45215,41,29
Replaced, 0004516E,57,39, 0004523E,57,39
Matched, 000451A7,32,20,45277,32,20
Replaced, 000451C7,143, 8F,45297,143, 8F
Matched,45256,104,68,45326,104,68
Replaced, 000452BE,5,5, 0004538E,5,5
Matched, 000452C3,142, 8E,45393,142, 8E
Replaced,45351,13, 0D,45421,13, 0D
Matched, 0004535E,41,29, 0004542E,41,29
Replaced,45387,95, 5F,45457,95, 5F
Matched,4.53E+08,125, 7D, 000454B6,125, 7D
Replaced,45463,43, 2B,45533,43, 2B
Matched, 0004548E,35,23, 0004555E,35,23
Replaced, 000454B1,2,2,45581,2,2
Matched, 000454B3,63, 3F,45583,63, 3F
Replaced, 000454F2,2,2, 000455C2,2,2
Matched, 000454F4,33,21, 000455C4,33,21
Replaced,45515,78, 4E,4.55E+07,78, 4E
Matched,45563,71,47,45633,71,47
Replaced, 000455AA,53,35, 0004567A,53,35
Matched, 000455DF,32,20, 000456AF,32,20
Replaced, 000455FF,21,15, 000456CF,21,15
Matched,45614,123, 7B,4.56E+06,123, 7B
Replaced, 0004568F,8,8, 0004575F,8,8
Matched,45697,103,67,45767,103,67
Replaced, 000456FE,1,1, 000457CE,1,1
Matched, 000456FF,32,20, 000457CF,32,20
Replaced, 0004571F,133,85, 000457EF,133,85
Matched, 000457A4,47, 2F,45874,47, 2F
Replaced, 000457D3,13, 0D, 000458A3,13, 0D
Matched,4.57E+02,89,59, 000458B0,89,59
Replaced,45839,336,150,45909,336,150
Matched,45989,123, 7B, 00045A59,123, 7B
Replaced, 00045A04,1,1, 00045AD4,1,1
Matched, 00045A05,9515, 252B, 00045AD5,9515, 252B
Inserted, 00047F30,208, D0,48000,0,0
Matched,48000,33023, 80FF,48000,33023, 80FF
Replaced, 000500FF,1,1, 000500FF,1,1
Matched,50100,84,54,50100,84,54
Replaced,50154,1,1,50154,1,1
Matched,50155,368,170,50155,368,170
Replaced, 000502C5,1,1, 000502C5,1,1
Matched, 000502C6,66,42, 000502C6,66,42
Replaced,50308,5,5,50308,5,5
Matched, 0005030D,58, 3A, 0005030D,58, 3A
Replaced,50347,5,5,50347,5,5
Matched, 0005034C,94, 5E, 0005034C,94, 5E
Replaced, 000503AA,1,1, 000503AA,1,1
Matched, 000503AB,138, 8A, 000503AB,138, 8A
Replaced,50435,1,1,50435,1,1
Matched,50436,539, 021B,50436,539, 021B
Replaced,50651,1,1,50651,1,1
Matched,50652,543, 021F,50652,543, 021F
Replaced,50871,32,20,50871,32,20
Matched,50891,139, 8B,50891,139, 8B
Replaced, 0005091C,1,1, 0005091C,1,1
Matched, 0005091D,98,62, 0005091D,98,62
Replaced, 0005097F,1,1, 0005097F,1,1
Matched,50980,81,51,50980,81,51
Replaced, 000509D1,10, 0A, 000509D1,10, 0A
Matched, 000509DB,111, 6F, 000509DB,111, 6F
Replaced, 00050A4A,1,1, 00050A4A,1,1
Matched, 00050A4B,130,82, 00050A4B,130,82
Replaced, 00050ACD,45, 2D, 00050ACD,45, 2D
Matched, 00050AFA,183, B7, 00050AFA,183, B7
Replaced, 00050BB1,50,32, 00050BB1,50,32
Matched, 00050BE3,66,42, 00050BE3,66,42
Replaced, 00050C25,22,16, 00050C25,22,16
Matched, 00050C3B,50,32, 00050C3B,50,32
Replaced, 00050C6D,22,16, 00050C6D,22,16
Matched, 00050C83,40,28, 00050C83,40,28
Replaced, 00050CAB,9,9, 00050CAB,9,9
Matched, 00050CB4,95, 5F, 00050CB4,95, 5F
Replaced, 00050D13,1,1, 00050D13,1,1
Matched, 00050D14,202, CA, 00050D14,202, CA
Replaced, 00050DDE,61, 3D, 00050DDE,83,53
Matched, 00050E1B,38,26,5.00E+32,38,26
Replaced,5.00E+42,68,44,5.00E+58,68,44
Matched,5.00E+86,32,20, 00050E9B,32,20
Replaced, 00050EA5,162, A2, 00050EBB,162, A2
Matched, 00050F47,32,20, 00050F5D,32,20
Replaced, 00050F67,108, 6C, 00050F7D,108, 6C
Matched, 00050FD3,235, EB, 00050FE9,235, EB
Replaced, 000510BE,55,37, 000510D4,55,37
Matched, 000510F5,38,26, 0005110B,38,26
Replaced, 0005111B,1,1,51131,1,1
Matched, 0005111C,97,61,51132,97,61
Replaced, 0005117D,100,64,51193,100,64
Matched,5.11E+03,49,31, 000511F7,49,31
Replaced,51212,29, 1D,51228,29, 1D
Matched, 0005122F,35,23,51245,35,23
Replaced,51252,1,1,51268,1,1
Matched,51253,116,74,51269,116,74
Replaced, 000512C7,42, 2A, 000512DD,42, 2A
Matched, 000512F1,62, 3E,51307,62, 3E
Replaced, 0005132F,1,1,51345,1,1
Matched,51330,209, D1,51346,209, D1
Replaced,51401,7,7,51417,7,7
Matched,51408,281,119, 0005141E,281,119
Replaced,51521,93, 5D,51537,93, 5D
Matched, 0005157E,116,74,51594,116,74
Replaced, 000515F2,29, 1D,51608,29, 1D
Matched, 0005160F,35,23,51625,35,23
Replaced,51632,29, 1D,51648,29, 1D
Matched, 0005164F,109, 6D,51665,109, 6D
Replaced, 000516BC,95, 5F, 000516D2,95, 5F
Matched, 0005171B,44, 2C,51731,44, 2C
Replaced,51747,50,32, 0005175D,50,32
Matched,51779,70,46, 0005178F,70,46
Replaced, 000517BF,1,1, 000517D5,1,1
Matched, 000517C0,168, A8, 000517D6,168, A8
Replaced,51868,7,7, 0005187E,7,7
Matched, 0005186F,84,54,51885,84,54
Replaced, 000518C3,7,7, 000518D9,7,7
Matched, 000518CA,32,20,5.18E+02,32,20
Replaced, 000518EA,7,7,51900,7,7
Matched, 000518F1,100,64,51907,100,64
Replaced,51955,153,99, 0005196B,153,99
Matched, 000519EE,71,47, 00051A04,71,47
Replaced, 00051A35,27, 1B, 00051A4B,27, 1B
Matched, 00051A50,64,40, 00051A66,64,40
Replaced, 00051A90,1,1, 00051AA6,1,1
Matched, 00051A91,72,48, 00051AA7,72,48
Replaced, 00051AD9,5,5, 00051AEF,5,5
Matched, 00051ADE,40,28, 00051AF4,40,28
Replaced, 00051B06,4,4, 00051B1C,4,4
Matched, 00051B0A,62, 3E, 00051B20,62, 3E
Replaced, 00051B48,15, 0F, 00051B5E,15, 0F
Matched, 00051B57,43, 2B, 00051B6D,43, 2B
Replaced, 00051B82,5,5, 00051B98,5,5
Matched, 00051B87,40,28, 00051B9D,40,28
Replaced, 00051BAF,36,24, 00051BC5,36,24
Matched, 00051BD3,193, C1, 00051BE9,193, C1
Replaced, 00051C94,1,1, 00051CAA,1,1
Matched, 00051C95,46, 2E, 00051CAB,46, 2E
Replaced, 00051CC3,48,30, 00051CD9,48,30
Matched, 00051CF3,83,53, 00051D09,83,53
Replaced, 00051D46,51,33, 00051D5C,51,33
Matched, 00051D79,68,44, 00051D8F,68,44
Replaced, 00051DBD,17,11, 00051DD3,17,11
Matched, 00051DCE,34,22, 00051DE4,34,22
Replaced, 00051DF0,1,1,5.10E+07,1,1
Matched, 00051DF1,119,77,5.10E+08,119,77
Replaced,5.10E+69,1,1, 00051E7E,1,1
Matched,5.10E+70,65,41, 00051E7F,65,41
Replaced, 00051EAA,78, 4E, 00051EC0,78, 4E
Matched, 00051EF8,122, 7A, 00051F0E,122, 7A
Replaced, 00051F72,7,7, 00051F88,7,7
Matched, 00051F79,92, 5C, 00051F8F,92, 5C
Replaced, 00051FD5,171, AB, 00051FEB,171, AB
Matched,52080,131,83,52096,131,83
Replaced,52103,12, 0C,52119,12, 0C
Matched, 0005210F,73,49,52125,73,49
Replaced,52158,100,64, 0005216E,100,64
Matched, 000521BC,91, 5B, 000521D2,91, 5B
Replaced,52217,1,1, 0005222D,1,1
Matched,52218,44, 2C, 0005222E,44, 2C
Replaced,52244,2,2, 0005225A,2,2
Matched,52246,207, CF, 0005225C,207, CF
Replaced,52315,21,15, 0005232B,21,15
Matched, 0005232A,165, A5,52340,165, A5
Replaced, 000523CF,7,7,5.23E+07,7,7
Matched, 000523D6,62, 3E, 000523EC,62, 3E
Replaced,52414,1,1, 0005242A,1,1
Matched,52415,146,92, 0005242B,146,92
Replaced, 000524A7,119,77, 000524BD,119,77
Matched, 0005251E,278,116,52534,278,116
Replaced,52634,1,1, 0005264A,1,1
Matched,52635,143, 8F, 0005264B,143, 8F
Replaced, 000526C4,45, 2D, 000526DA,45, 2D
Matched, 000526F1,42, 2A,52707,42, 2A
Replaced, 0005271B,45, 2D,52731,45, 2D
Matched,52748,42, 2A, 0005275E,42, 2A
Replaced,52772,51,33,52788,51,33
Matched, 000527A5,42, 2A, 000527BB,42, 2A
Replaced, 000527CF,45, 2D,5.27E+07,45, 2D
Matched, 000527FC,42, 2A,52812,42, 2A
Replaced,52826,51,33, 0005283C,51,33
Matched,52859,46, 2E, 0005286F,46, 2E
Replaced,52887,45, 2D, 0005289D,45, 2D
Matched, 000528B4,46, 2E, 000528CA,46, 2E
Replaced,5.28E+04,67,43, 000528F8,67,43
Matched,52925,46, 2E, 0005293B,46, 2E
Replaced,52953,99,63,52969,99,63
Matched, 000529B6,36,24, 000529CC,36,24
Replaced, 000529DA,11, 0B, 000529F0,11, 0B
Matched,5.29E+07,36,24, 000529FB,36,24
Replaced, 00052A09,11, 0B, 00052A1F,11, 0B
Matched, 00052A14,36,24, 00052A2A,36,24
Replaced, 00052A38,24,18, 00052A4E,24,18
Matched, 00052A50,85,55, 00052A66,85,55
Replaced, 00052AA5,23,17, 00052ABB,23,17
Matched, 00052ABC,39,27, 00052AD2,39,27
Replaced, 00052AE3,1,1, 00052AF9,1,1
Matched, 00052AE4,43, 2B, 00052AFA,43, 2B
Replaced, 00052B0F,23,17, 00052B25,23,17
Matched, 00052B26,34,22, 00052B3C,34,22
Replaced, 00052B48,45, 2D, 00052B5E,45, 2D
Matched, 00052B75,34,22, 00052B8B,34,22
Replaced, 00052B97,51,33, 00052BAD,51,33
Matched, 00052BCA,34,22, 00052BE0,34,22
Replaced, 00052BEC,196, C4, 00052C02,196, C4
Matched, 00052CB0,34,22, 00052CC6,34,22
Replaced, 00052CD2,241, F1, 00052CE8,241, F1
Matched, 00052DC3,35,23, 00052DD9,35,23
Replaced, 00052DE6,129,81, 00052DFC,129,81
Matched,5.20E+68,34,22, 00052E7D,34,22
Replaced,5.20E+90,259,103, 00052E9F,259,103
Matched, 00052F8C,34,22, 00052FA2,34,22
Replaced, 00052FAE,75, 4B, 00052FC4,75, 4B
Matched, 00052FF9,36,24, 0005300F,36,24
Replaced, 0005301D,11, 0B,53033,11, 0B
Matched,53028,34,22, 0005303E,34,22
Replaced, 0005304A,141, 8D,53060,141, 8D
Matched, 000530D7,35,23, 000530ED,35,23
Replaced, 000530FA,129,81,53110,129,81
Matched, 0005317B,34,22,53191,34,22
Replaced, 0005319D,53,35, 000531B3,53,35
Matched, 000531D2,34,22,5.31E+10,34,22
Replaced, 000531F4,1,1, 0005320A,1,1
Matched, 000531F5,60, 3C, 0005320B,60, 3C
Replaced,53231,85,55,53247,85,55
Matched,53286,34,22, 0005329C,34,22
Replaced, 000532A8,45, 2D, 000532BE,45, 2D
Matched, 000532D5,34,22, 000532EB,34,22
Replaced, 000532F7,55,37, 0005330D,55,37
Matched, 0005332E,34,22,53344,34,22
Replaced,53350,65,41,53366,65,41
Matched,53391,34,22, 000533A7,34,22
Replaced, 000533B3,57,39, 000533C9,57,39
Matched, 000533EC,35,23,53402,35,23
Replaced, 0005340F,91, 5B,53425,91, 5B
Matched, 0005346A,34,22,53480,34,22
Replaced, 0005348C,67,43, 000534A2,67,43
Matched, 000534CF,34,22,5.34E+07,34,22
Replaced, 000534F1,17,11,53507,17,11
Matched,53502,34,22,53518,34,22
Replaced,53524,57,39, 0005353A,57,39
Matched, 0005355D,34,22,53573,34,22
Replaced, 0005357F,71,47,53595,71,47
Matched, 000535C6,34,22, 000535DC,34,22
Replaced,5.35E+10,17,11, 000535FE,17,11
Matched, 000535F9,35,23, 0005360F,35,23
Replaced, 0005361C,79, 4F,53632,79, 4F
Matched, 0005366B,46, 2E,53681,46, 2E
Replaced,53699,23,17, 000536AF,23,17
Matched, 000536B0,34,22, 000536C6,34,22
Replaced, 000536D2,155, 9B,5.36E+10,155, 9B
Matched, 0005376D,40,28,53783,40,28
Replaced,53795,29, 1D, 000537AB,29, 1D
Matched, 000537B2,34,22, 000537C8,34,22
Replaced, 000537D4,29, 1D, 000537EA,29, 1D
Matched, 000537F1,34,22,53807,34,22
Replaced,53813,27, 1B,53829,27, 1B
Matched, 0005382E,35,23,53844,35,23
Replaced,53851,123, 7B,53867,123, 7B
Matched, 000538CC,40,28,5.38E+04,40,28
Replaced, 000538F4,105,69, 0005390A,105,69
Matched, 0005395D,35,23,53973,35,23
Replaced,53980,14, 0E,53996,14, 0E
Matched, 0005398E,42, 2A, 000539A4,42, 2A
Replaced, 000539B8,107, 6B, 000539CE,107, 6B
Matched, 00053A23,57,39, 00053A39,57,39
Replaced, 00053A5C,22,16, 00053A72,22,16
Matched, 00053A72,50,32, 00053A88,50,32
Replaced, 00053AA4,68,44, 00053ABA,68,44
Matched, 00053AE8,45, 2D, 00053AFE,45, 2D
Replaced, 00053B15,5,5, 00053B2B,5,5
Matched, 00053B1A,45, 2D, 00053B30,45, 2D
Replaced, 00053B47,1,1, 00053B5D,1,1
Matched, 00053B48,160, A0, 00053B5E,160, A0
Replaced, 00053BE8,1,1, 00053BFE,1,1
Matched, 00053BE9,147,93, 00053BFF,147,93
Replaced, 00053C7C,53,35, 00053C92,53,35
Matched, 00053CB1,42, 2A, 00053CC7,42, 2A
Replaced, 00053CDB,44, 2C, 00053CF1,44, 2C
Matched, 00053D07,71,47, 00053D1D,71,47
Replaced, 00053D4E,55,37, 00053D64,55,37
Matched, 00053D85,66,42, 00053D9B,66,42
Replaced, 00053DC7,96,60, 00053DDD,96,60
Matched,5.30E+28,60, 3C, 00053E3D,60, 3C
Replaced,5.30E+64,1,1,5.30E+80,1,1
Matched,5.30E+65,33,21, 00053E7A,33,21
Replaced,5.30E+86,21,15, 00053E9B,21,15
Matched, 00053E9A,188, BC, 00053EB0,188, BC
Replaced, 00053F56,7,7, 00053F6C,7,7
Matched, 00053F5D,59, 3B, 00053F73,59, 3B
Replaced, 00053F98,23,17, 00053FAE,23,17
Matched, 00053FAF,72,48, 00053FC5,72,48
Replaced, 00053FF7,18,12, 0005400D,18,12
Matched,54009,47, 2F, 0005401F,47, 2F
Replaced,54038,1,1, 0005404E,1,1
Matched,54039,119,77, 0005404F,119,77
Replaced, 000540B0,44, 2C, 000540C6,44, 2C
Matched, 000540DC,83,53, 000540F2,83,53
Replaced, 0005412F,22,16,54145,22,16
Matched,54145,41,29, 0005415B,41,29
Replaced, 0005416E,84,54,54184,84,54
Matched, 000541C2,43, 2B, 000541D8,43, 2B
Replaced, 000541ED,45, 2D,54203,45, 2D
Matched, 0005421A,55,37,54230,55,37
Replaced,54251,95, 5F,54267,95, 5F
Matched, 000542B0,32,20, 000542C6,32,20
Replaced, 000542D0,32,20,5.42E+08,32,20
Matched, 000542F0,81,51,54306,81,51
Replaced,54341,143, 8F,54357,143, 8F
Matched, 000543D0,39,27,5.43E+08,39,27
Replaced, 000543F7,2,2, 0005440D,2,2
Matched, 000543F9,51,33, 0005440F,51,33
Replaced, 0005442C,1,1,54442,1,1
Matched, 0005442D,74, 4A,54443,74, 4A
Replaced,54477,18,12, 0005448D,18,12
Matched,54489,57,39, 0005449F,57,39
Replaced, 000544C2,9,9, 000544D8,9,9
Matched, 000544CB,38,26,5.44E+03,38,26
Replaced, 000544F1,17,11,54507,17,11
Matched,54502,59, 3B,54518,59, 3B
Replaced, 0005453D,66,42,54553,66,42
Matched, 0005457F,38,26,54595,38,26
Replaced, 000545A5,1,1, 000545BB,1,1
Matched, 000545A6,129,81, 000545BC,129,81
Replaced,54627,2,2, 0005463D,4,4
Matched,54629,45, 2D,54641,45, 2D
Replaced,54656,62, 3E, 0005466E,62, 3E
Matched,54694,55,37, 000546AC,55,37
Replaced, 000546CB,1,1,5.46E+05,1,1
Matched, 000546CC,130,82,5.46E+06,130,82
Replaced, 0005474E,17,11,54766,17,11
Matched, 0005475F,44, 2C,54777,44, 2C
Replaced, 0005478B,106, 6A, 000547A3,106, 6A
Matched, 000547F5,87,57, 0005480D,87,57
Replaced, 0005484C,156, 9C,54864,156, 9C
Matched,5.48E+10,49,31,54900,49,31
Replaced,54919,82,52,54931,82,52
Matched, 0005496B,42, 2A,54983,42, 2A
Replaced,54995,63, 3F, 000549AD,63, 3F
Matched, 000549D4,42, 2A, 000549EC,42, 2A
Replaced, 000549FE,75, 4B, 00054A16,75, 4B
Matched, 00054A49,42, 2A, 00054A61,42, 2A
Replaced, 00054A73,64,40, 00054A8B,64,40
Matched, 00054AB3,42, 2A, 00054ACB,42, 2A
Replaced, 00054ADD,9,9, 00054AF5,9,9
Matched, 00054AE6,33,21, 00054AFE,33,21
Replaced, 00054B07,63, 3F, 00054B1F,63, 3F
Matched, 00054B46,42, 2A, 00054B5E,42, 2A
Replaced, 00054B70,55,37, 00054B88,55,37
Matched, 00054BA7,75, 4B, 00054BBF,75, 4B
Replaced, 00054BF2,5,5, 00054C0A,5,5
Matched, 00054BF7,47, 2F, 00054C0F,47, 2F
Replaced, 00054C26,43, 2B, 00054C3E,43, 2B
Matched, 00054C51,42, 2A, 00054C69,42, 2A
Replaced, 00054C7B,53,35, 00054C93,53,35
Matched, 00054CB0,42, 2A, 00054CC8,42, 2A
Replaced, 00054CDA,53,35, 00054CF2,53,35
Matched, 00054D0F,42, 2A, 00054D27,42, 2A
Replaced, 00054D39,56,38, 00054D51,56,38
Matched, 00054D71,42, 2A, 00054D89,42, 2A
Replaced, 00054D9B,252, FC, 00054DB3,252, FC
Matched,5.40E+98,42, 2A, 00054EAF,42, 2A
Replaced, 00054EC1,72,48, 00054ED9,72,48
Matched, 00054F09,62, 3E, 00054F21,62, 3E
Replaced, 00054F47,67,43, 00054F5F,67,43
Matched, 00054F8A,75, 4B, 00054FA2,75, 4B
Replaced, 00054FD5,5,5, 00054FED,5,5
Matched, 00054FDA,44, 2C, 00054FF2,44, 2C
Replaced,55006,52,34, 0005501E,52,34
Matched, 0005503A,42, 2A,55052,42, 2A
Replaced,55064,46, 2E, 0005507C,46, 2E
Matched,55092,35,23, 000550AA,35,23
Replaced, 000550B5,1,1, 000550CD,1,1
Matched, 000550B6,42, 2A, 000550CE,42, 2A
Replaced,5.50E+02,59, 3B, 000550F8,59, 3B
Matched, 0005511B,39,27,55133,39,27
Replaced,55142,414, 019E, 0005515A,414, 019E
Matched,5.52E+02,38,26, 000552F8,38,26
Replaced,55306,1,1, 0005531E,1,1
Matched,55307,40,28, 0005531F,40,28
Replaced, 0005532F,1,1,55347,1,1
Matched,55330,40,28,55348,40,28
Replaced,55358,1,1,55370,1,1
Matched,55359,40,28,55371,40,28
Replaced,55381,1,1,55399,1,1
Matched,55382,40,28, 0005539A,40,28
Replaced, 000553AA,1,1, 000553C2,1,1
Matched, 000553AB,41,29, 000553C3,41,29
Replaced, 000553D4,41,29, 000553EC,41,29
Matched, 000553FD,120,78,55415,120,78
Replaced,55475,5,5, 0005548D,5,5
Matched, 0005547A,37,25,55492,37,25
Replaced, 0005549F,10, 0A, 000554B7,10, 0A
Matched, 000554A9,32,20, 000554C1,32,20
Replaced, 000554C9,1,1,5.54E+03,1,1
Matched, 000554CA,40,28,5.54E+04,40,28
Replaced, 000554F2,18,12, 0005550A,18,12
Matched,55504,197, C5, 0005551C,197, C5
Replaced, 000555C9,31, 1F,5.55E+03,31, 1F
Matched,5.55E+10,52,34,55600,52,34
Replaced, 0005561C,18,12,55634,18,12
Matched, 0005562E,51,33,55646,51,33
Replaced,55661,1,1,55679,1,1
Matched,55662,39,27, 0005567A,39,27
Replaced,55689,26, 1A, 000556A1,26, 1A
Matched, 000556A3,39,27, 000556BB,39,27
Replaced, 000556CA,8,8,5.56E+04,8,8
Matched, 000556D2,42, 2A, 000556EA,42, 2A
Replaced, 000556FC,31, 1F,55714,31, 1F
Matched, 0005571B,339,153,55733,339,153
Replaced, 0005586E,2,2,55886,2,2
Matched,55870,70,46,55888,70,46
Replaced, 000558B6,1,1, 000558CE,1,1
Matched, 000558B7,68,44, 000558CF,68,44
Replaced, 000558FB,10, 0A,55913,10, 0A
Matched,55905,91, 5B, 0005591D,91, 5B
Replaced,55960,22,16,55978,22,16
Matched,55976,40,28, 0005598E,40,28
Replaced, 0005599E,89,59, 000559B6,89,59
Matched, 000559F7,62, 3E, 00055A0F,62, 3E
Replaced, 00055A35,49,31, 00055A4D,49,31
Matched, 00055A66,75, 4B, 00055A7E,75, 4B
Replaced, 00055AB1,1,1, 00055AC9,1,1
Matched, 00055AB2,52,34, 00055ACA,52,34
Replaced, 00055AE6,32,20, 00055AFE,32,20
Matched, 00055B06,37,25, 00055B1E,37,25
Replaced, 00055B2B,1,1, 00055B43,1,1
Matched, 00055B2C,50,32, 00055B44,50,32
Replaced, 00055B5E,50,32, 00055B76,50,32
Matched, 00055B90,111, 6F, 00055BA8,111, 6F
Replaced, 00055BFF,1,1, 00055C17,1,1
Matched, 00055C00,40,28, 00055C18,40,28
Replaced, 00055C28,1,1, 00055C40,1,1
Matched, 00055C29,106, 6A, 00055C41,106, 6A
Replaced, 00055C93,1,1, 00055CAB,1,1
Matched, 00055C94,58, 3A, 00055CAC,58, 3A
Replaced, 00055CCE,23,17, 00055CE6,23,17
Matched, 00055CE5,54,36, 00055CFD,54,36
Replaced, 00055D1B,69,45, 00055D33,69,45
Matched, 00055D60,81,51, 00055D78,81,51
Replaced, 00055DB1,1,1, 00055DC9,1,1
Matched, 00055DB2,103,67, 00055DCA,103,67
Replaced,5.50E+20,31, 1F,5.50E+32,31, 1F
Matched,5.50E+39,121,79,5.50E+51,121,79
Replaced, 00055EB1,5,5, 00055EC9,5,5
Matched, 00055EB6,34,22, 00055ECE,34,22
Replaced, 00055ED8,32,20, 00055EF0,32,20
Matched, 00055EF8,442, 01BA, 00055F10,442, 01BA
Replaced, 000560B2,1,1, 000560CA,1,1
Matched, 000560B3,73,49, 000560CB,73,49
Replaced, 000560FC,2,2,56114,2,2
Matched, 000560FE,106, 6A,56116,106, 6A
Replaced,56168,1,1,56180,1,1
Matched,56169,40,28,56181,40,28
Replaced,56191,16,10, 000561A9,16,10
Matched, 000561A1,33,21, 000561B9,33,21
Replaced, 000561C2,16,10, 000561DA,16,10
Matched, 000561D2,78, 4E, 000561EA,78, 4E
Replaced,56220,1,1,56238,1,1
Matched,56221,48,30,56239,48,30
Replaced,56251,1,1,56269,1,1
Matched,56252,78, 4E, 0005626A,78, 4E
Replaced, 000562A0,2,2, 000562B8,2,2
Matched, 000562A2,47, 2F, 000562BA,47, 2F
Replaced, 000562D1,1,1,5.62E+11,1,1
Matched, 000562D2,69,45, 000562EA,69,45
Replaced,56317,1,1, 0005632F,1,1
Matched,56318,54,36,56330,54,36
Replaced, 0005634E,1,1,56366,1,1
Matched, 0005634F,87,57,56367,87,57
Replaced, 000563A6,18,12, 000563BE,18,12
Matched, 000563B8,80,50, 000563D0,80,50
Replaced,56408,9,9,56420,9,9
Matched,56411,91, 5B,56429,91, 5B
Replaced, 0005646C,1,1,56484,1,1
Matched, 0005646D,59, 3B,56485,59, 3B
Replaced, 000564A8,5,5, 000564C0,5,5
Matched, 000564AD,51,33, 000564C5,51,33
Replaced,5.64E+02,2,2, 000564F8,2,2
Matched,5.64E+04,70,46, 000564FA,70,46
Replaced,56528,286, 011E,56540,286, 011E
Matched,56646,64,40, 0005665E,64,40
Replaced,56686,83,53, 0005669E,83,53
Matched, 000566D9,32,20, 000566F1,32,20
Replaced, 000566F9,2,2,56711,2,2
Matched, 000566FB,149,95,56713,149,95
Replaced,56790,138, 8A, 000567A8,138, 8A
Matched, 0005681A,32,20,56832,32,20
Replaced, 0005683A,119,77,56852,131,83
Matched, 000568B1,38,26, 000568D5,38,26
Replaced, 000568D7,217, D9, 000568FB,277,115
Matched, 000569B0,76, 4C, 00056A10,76, 4C
Replaced, 000569FC,22,16, 00056A5C,22,16
Matched, 00056A12,210, D2, 00056A72,210, D2
Replaced, 00056AE4,9,9, 00056B44,9,9
Matched, 00056AED,445, 01BD, 00056B4D,445, 01BD
Replaced, 00056CAA,6,6, 00056D0A,6,6
Matched, 00056CB0,46, 2E, 00056D10,46, 2E
Replaced, 00056CDE,2,2, 00056D3E,2,2
Matched, 00056CE0,132,84, 00056D40,132,84
Replaced, 00056D64,1,1, 00056DC4,1,1
Matched, 00056D65,80,50, 00056DC5,80,50
Replaced, 00056DB5,1,1,5.60E+16,1,1
Matched, 00056DB6,42, 2A,5.60E+17,42, 2A
Replaced, 00056DE0,14, 0E,5.60E+41,14, 0E
Matched, 00056DEE,40,28, 00056E4E,40,28
Replaced,5.60E+17,127, 7F,5.60E+77,127, 7F
Matched,5.60E+96,42, 2A, 00056EF5,42, 2A
Replaced, 00056EBF,18,12, 00056F1F,18,12
Matched, 00056ED1,35,23, 00056F31,35,23
Replaced, 00056EF4,34,22, 00056F54,34,22
Matched, 00056F16,55,37, 00056F76,55,37
Replaced, 00056F4D,36,24, 00056FAD,36,24
Matched, 00056F71,4143, 102F, 00056FD1,4143, 102F
Inserted, 00057FA0,96,60,58000,0,0
Matched,58000,32768,8000,58000,32768,8000
Replaced,60000,35,23,60000,35,23
Matched,60023,271, 010F,60023,271, 010F
Replaced,60132,37,25,60132,37,25
Matched,60157,122, 7A,60157,122, 7A
Replaced, 000601D1,49,31, 000601D1,49,31
Matched,60202,29531, 735B,60202,29531, 735B
Replaced, 0006755D,1,1, 0006755D,1,1
Matched, 0006755E,46, 2E, 0006755E,46, 2E
Replaced, 0006758C,1,1, 0006758C,1,1
Matched, 0006758D,144,90, 0006758D,144,90
Replaced, 0006761D,37,25, 0006761D,37,25
Matched,67642,83,53,67642,83,53
Replaced,67695,37,25,67695,37,25
Matched, 000676BA,109, 6D, 000676BA,109, 6D
Replaced,67727,28, 1C,67727,28, 1C
Matched,67743,178, B2,67743,178, B2
Replaced, 000677F5,58, 3A, 000677F5,58, 3A
Matched, 0006782F,59, 3B, 0006782F,59, 3B
Replaced, 0006786A,1,1, 0006786A,1,1
Matched, 0006786B,150,96, 0006786B,150,96
Replaced,67901,1,1,67901,1,1
Matched,67902,40,28,67902,40,28
Replaced, 0006792A,1,1, 0006792A,1,1
Matched, 0006792B,59, 3B, 0006792B,59, 3B
Replaced,67966,1,1,67966,1,1
Matched,67967,46, 2E,67967,46, 2E
Replaced,67995,1,1,67995,1,1
Matched,67996,168, A8,67996,168, A8
Replaced, 00067A3E,1,1, 00067A3E,1,1
Matched, 00067A3F,204, CC, 00067A3F,204, CC
Replaced, 00067B0B,1,1, 00067B0B,1,1
Matched, 00067B0C,142, 8E, 00067B0C,142, 8E
Replaced, 00067B9A,10, 0A, 00067B9A,10, 0A
Matched, 00067BA4,59, 3B, 00067BA4,59, 3B
Replaced, 00067BDF,122, 7A, 00067BDF,122, 7A
Matched, 00067C59,183, B7, 00067C59,183, B7
Replaced, 00067D10,1,1, 00067D10,1,1
Matched, 00067D11,56,38, 00067D11,56,38
Replaced, 00067D49,1,1, 00067D49,1,1
Matched, 00067D4A,49,31, 00067D4A,49,31
Replaced, 00067D7B,1,1, 00067D7B,1,1
Matched, 00067D7C,49,31, 00067D7C,49,31
Replaced, 00067DAD,1,1, 00067DAD,1,1
Matched, 00067DAE,49,31, 00067DAE,49,31
Replaced, 00067DDF,1,1, 00067DDF,1,1
Matched, 00067DE0,693, 02B5, 00067DE0,693, 02B5
Replaced,68095,58, 3A,68095,58, 3A
Matched, 000680CF,313,139, 000680CF,313,139
Replaced,68208,64,40,68208,64,40
Matched,68248,569,239,68248,569,239
Replaced,68481,26, 1A,68481,26, 1A
Matched, 0006849B,75, 4B, 0006849B,75, 4B
Replaced,6.84E+08,1,1,6.84E+08,1,1
Matched,6.84E+09,80,50,6.84E+09,80,50
Replaced,68537,1,1,68537,1,1
Matched,68538,144,90,68538,144,90
Replaced, 000685C8,75, 4B, 000685C8,75, 4B
Matched,68613,32,20,68613,32,20
Replaced,68633,6,6,68633,6,6
Matched,68639,66,42,68639,66,42
Replaced, 0006867B,1,1, 0006867B,1,1
Matched, 0006867C,44, 2C, 0006867C,44, 2C
Replaced, 000686A8,1,1, 000686A8,1,1
Matched, 000686A9,128,80, 000686A9,128,80
Replaced,68729,28, 1C,68729,28, 1C
Matched,68745,32,20,68745,32,20
Replaced,68765,36,24,68765,36,24
Matched,68789,71,47,68789,71,47
Replaced, 000687D0,27, 1B, 000687D0,27, 1B
Matched, 000687EB,54,36, 000687EB,54,36
Replaced,68821,1,1,68821,1,1
Matched,68822,82,52,68822,82,52
Replaced,68874,36,24,68874,36,24
Matched,68898,62, 3E,68898,62, 3E
Replaced, 000688D6,1,1, 000688D6,1,1
Matched, 000688D7,181, B5, 000688D7,181, B5
Replaced, 0006898C,1,1, 0006898C,1,1
Matched, 0006898D,62, 3E, 0006898D,62, 3E
Replaced, 000689CB,22,16, 000689CB,22,16
Matched,6.89E+03,47, 2F,6.89E+03,47, 2F
Replaced, 00068A10,283, 011B, 00068A10,283, 011B
Matched, 00068B2B,35,23, 00068B2B,35,23
Replaced, 00068B4E,1,1, 00068B4E,1,1
Matched, 00068B4F,39,27, 00068B4F,39,27
Replaced, 00068B76,1,1, 00068B76,1,1
Matched, 00068B77,91, 5B, 00068B77,91, 5B
Replaced, 00068BD2,32,20, 00068BD2,32,20
Matched, 00068BF2,46, 2E, 00068BF2,46, 2E
Replaced, 00068C20,42, 2A, 00068C20,42, 2A
Matched, 00068C4A,76, 4C, 00068C4A,76, 4C
Replaced, 00068C96,42, 2A, 00068C96,42, 2A
Matched, 00068CC0,74, 4A, 00068CC0,74, 4A
Replaced, 00068D0A,42, 2A, 00068D0A,42, 2A
Matched, 00068D34,74, 4A, 00068D34,74, 4A
Replaced, 00068D7E,42, 2A, 00068D7E,42, 2A
Matched, 00068DA8,46, 2E, 00068DA8,46, 2E
Replaced, 00068DD6,120,78, 00068DD6,120,78
Matched, 00068E4E,43, 2B, 00068E4E,43, 2B
Replaced,6.80E+80,31, 1F,6.80E+80,31, 1F
Matched,6.80E+99,52,34,6.80E+99,52,34
Replaced, 00068ECC,26, 1A, 00068ECC,26, 1A
Matched, 00068EE6,79, 4F, 00068EE6,79, 4F
Replaced, 00068F35,14, 0E, 00068F35,14, 0E
Matched, 00068F43,35,23, 00068F43,35,23
Replaced, 00068F66,149,95, 00068F66,167, A7
Matched, 00068FFB,44, 2C, 0006900D,44, 2C
Replaced,69027,27, 1B,69039,27, 1B
Matched,69042,60, 3C,69054,60, 3C
Replaced, 0006907E,40,28,69090,40,28
Matched, 000690A6,40,28, 000690B8,40,28
Replaced, 000690CE,19,13,6.90E+02,19,13
Matched,6.90E+03,33,21, 000690F3,33,21
Replaced,69102,19,13,69114,19,13
Matched,69115,33,21,69127,33,21
Replaced,69136,4,4,69148,4,4
Matched, 0006913A,35,23, 0006914C,35,23
Replaced, 0006915D,26, 1A, 0006916F,55,37
Matched,69177,35,23, 000691A6,35,23
Replaced, 0006919A,104,68, 000691C9,104,68
Matched,69202,33,21,69231,33,21
Replaced,69223,19,13,69252,19,13
Matched,69236,33,21,69265,33,21
Replaced,69257,201, C9,69286,231, E7
Matched,69320,42, 2A, 0006936D,42, 2A
Replaced, 0006934A,71,47,69397,71,47
Matched,69391,91, 5B, 000693DE,91, 5B
Replaced, 000693EC,1,1,69439,1,1
Matched, 000693ED,173, AD, 0006943A,173, AD
Replaced, 0006949A,6,6,6.94E+09,6,6
Matched, 000694A0,56,38, 000694ED,56,38
Replaced, 000694D8,10, 0A,69525,10, 0A
Matched,6.94E+04,132,84, 0006952F,132,84
Replaced,69566,1,1, 000695B3,1,1
Matched,69567,90, 5A, 000695B4,90, 5A
Replaced, 000695C1,18,12, 0006960E,18,12
Matched, 000695D3,57,39,69620,57,39
Replaced, 0006960C,1,1,69659,1,1
Matched, 0006960D,80,50, 0006965A,80,50
Replaced, 0006965D,6,6, 000696AA,6,6
Matched,69663,78, 4E, 000696B0,78, 4E
Replaced, 000696B1,1,1, 000696FE,1,1
Matched, 000696B2,158, 9E, 000696FF,158, 9E
Replaced,69750,1,1, 0006979D,1,1
Matched,69751,48,30, 0006979E,48,30
Replaced,69781,33,21, 000697CE,33,21
Matched, 000697A2,41,29, 000697EF,41,29
Replaced, 000697CB,1,1,69818,1,1
Matched, 000697CC,120,78,69819,120,78
Replaced,69844,26, 1A,69891,26, 1A
Matched, 0006985E,351, 015F, 000698AB,351, 015F
Replaced, 000699BD,21,15, 00069A0A,21,15
Matched, 000699D2,47, 2F, 00069A1F,47, 2F
Replaced, 00069A01,228, E4, 00069A4E,228, E4
Matched, 00069AE5,41,29, 00069B32,41,29
Replaced, 00069B0E,1,1, 00069B5B,1,1
Matched, 00069B0F,39,27, 00069B5C,39,27
Replaced, 00069B36,1,1, 00069B83,1,1
Matched, 00069B37,70,46, 00069B84,70,46
Replaced, 00069B7D,32,20, 00069BCA,32,20
Matched, 00069B9D,46, 2E, 00069BEA,46, 2E
Replaced, 00069BCB,42, 2A, 00069C18,42, 2A
Matched, 00069BF5,63, 3F, 00069C42,63, 3F
Replaced, 00069C34,42, 2A, 00069C81,42, 2A
Matched, 00069C5E,73,49, 00069CAB,73,49
Replaced, 00069CA7,42, 2A, 00069CF4,42, 2A
Matched, 00069CD1,61, 3D, 00069D1E,61, 3D
Replaced, 00069D0E,42, 2A, 00069D5B,42, 2A
Matched, 00069D38,33,21, 00069D85,33,21
Replaced, 00069D59,120,78, 00069DA6,120,78
Matched, 00069DD1,46, 2E, 00069E1E,46, 2E
Replaced, 00069DFF,114,72, 00069E4C,114,72
Matched,6.90E+72,66,42, 00069EBE,66,42
Replaced, 00069EB3,32,20, 00069F00,32,20
Matched, 00069ED3,36,24, 00069F20,36,24
Replaced, 00069EF7,1,1, 00069F44,1,1
Matched, 00069EF8,81,51, 00069F45,81,51
Replaced, 00069F49,23,17, 00069F96,23,17
Matched, 00069F60,60, 3C, 00069FAD,60, 3C
Replaced, 00069F9C,1,1, 00069FE9,1,1
Matched, 00069F9D,65,41, 00069FEA,65,41
Replaced, 00069FDE,1,1, 0006A02B,1,1
Matched, 00069FDF,52,34, 0006A02C,52,34
Replaced, 0006A013,1,1, 0006A060,1,1
Matched, 0006A014,66,42, 0006A061,66,42
Replaced, 0006A056,91, 5B, 0006A0A3,91, 5B
Matched, 0006A0B1,111, 6F, 0006A0FE,111, 6F
Replaced, 0006A120,1,1, 0006A16D,1,1
Matched, 0006A121,112,70, 0006A16E,112,70
Replaced, 0006A191,81,51, 0006A1DE,81,51
Matched, 0006A1E2,33,21, 0006A22F,33,21
Replaced, 0006A203,131,83, 0006A250,131,83
Matched, 0006A286,61, 3D, 0006A2D3,61, 3D
Replaced, 0006A2C3,75, 4B, 0006A310,75, 4B
Matched, 0006A30E,156, 9C, 0006A35B,156, 9C
Replaced, 0006A3AA,16,10, 0006A3F7,16,10
Matched, 0006A3BA,116,74, 0006A407,116,74
Replaced, 0006A42E,1,1, 0006A47B,1,1
Matched, 0006A42F,123, 7B, 0006A47C,123, 7B
Replaced, 0006A4AA,315, 013B, 0006A4F7,315, 013B
Matched, 0006A5E5,101,65, 0006A632,101,65
Replaced, 0006A64A,59, 3B, 0006A697,59, 3B
Matched, 0006A685,35,23, 0006A6D2,35,23
Replaced, 0006A6A8,1,1, 0006A6F5,1,1
Matched, 0006A6A9,101,65, 0006A6F6,101,65
Replaced, 0006A70E,66,42, 0006A75B,66,42
Matched, 0006A750,90, 5A, 0006A79D,90, 5A
Replaced, 0006A7AA,54,36, 0006A7F7,54,36
Matched, 0006A7E0,83,53, 0006A82D,83,53
Replaced, 0006A833,190, BE, 0006A880,190, BE
Matched, 0006A8F1,77, 4D, 0006A93E,77, 4D
Replaced, 0006A93E,1,1, 0006A98B,1,1
Matched, 0006A93F,123, 7B, 0006A98C,123, 7B
Replaced, 0006A9BA,6,6, 0006AA07,6,6
Matched, 0006A9C0,56,38, 0006AA0D,56,38
Replaced, 0006A9F8,6,6, 0006AA45,6,6
Matched, 0006A9FE,52,34, 0006AA4B,52,34
Replaced, 0006AA32,1,1, 0006AA7F,1,1
Matched, 0006AA33,41,29, 0006AA80,41,29
Replaced, 0006AA5C,1,1, 0006AAA9,1,1
Matched, 0006AA5D,46, 2E, 0006AAAA,46, 2E
Replaced, 0006AA8B,15, 0F, 0006AAD8,15, 0F
Matched, 0006AA9A,60, 3C, 0006AAE7,60, 3C
Replaced, 0006AAD6,2,2, 0006AB23,2,2
Matched, 0006AAD8,42, 2A, 0006AB25,42, 2A
Replaced, 0006AB02,38,26, 0006AB4F,38,26
Matched, 0006AB28,54,36, 0006AB75,54,36
Replaced, 0006AB5E,46, 2E, 0006ABAB,46, 2E
Matched, 0006AB8C,58, 3A, 0006ABD9,58, 3A
Replaced, 0006ABC6,1,1, 0006AC13,1,1
Matched, 0006ABC7,78, 4E, 0006AC14,78, 4E
Replaced, 0006AC15,1,1, 0006AC62,1,1
Matched, 0006AC16,43, 2B, 0006AC63,43, 2B
Replaced, 0006AC41,1,1, 0006AC8E,1,1
Matched, 0006AC42,39,27, 0006AC8F,39,27
Replaced, 0006AC69,59, 3B, 0006ACB6,59, 3B
Matched, 0006ACA4,81,51, 0006ACF1,81,51
Replaced, 0006ACF5,12, 0C, 0006AD42,12, 0C
Matched, 0006AD01,41,29, 0006AD4E,41,29
Replaced, 0006AD2A,28, 1C, 0006AD77,28, 1C
Matched, 0006AD46,45, 2D, 0006AD93,45, 2D
Replaced, 0006AD73,37,25, 0006ADC0,37,25
Matched, 0006AD98,139, 8B, 0006ADE5,139, 8B
Replaced, 0006AE23,201, C9, 0006AE70,201, C9
Matched, 0006AEEC,35,23, 0006AF39,35,23
Replaced, 0006AF0F,6,6, 0006AF5C,6,6
Matched, 0006AF15,47, 2F, 0006AF62,47, 2F
Replaced, 0006AF44,2,2, 0006AF91,2,2
Matched, 0006AF46,33,21, 0006AF93,33,21
Replaced, 0006AF67,2,2, 0006AFB4,2,2
Matched, 0006AF69,33,21, 0006AFB6,33,21
Replaced, 0006AF8A,2,2, 0006AFD7,2,2
Matched, 0006AF8C,37,25, 0006AFD9,37,25
Replaced, 0006AFB1,146,92, 0006AFFE,146,92
Matched, 0006B043,39,27, 0006B090,39,27
Replaced, 0006B06A,96,60, 0006B0B7,96,60
Matched, 0006B0CA,53,35, 0006B117,53,35
Replaced, 0006B0FF,62, 3E, 0006B14C,62, 3E
Matched, 0006B13D,91, 5B, 0006B18A,91, 5B
Replaced, 0006B198,6,6, 0006B1E5,6,6
Matched, 0006B19E,55,37, 0006B1EB,55,37
Replaced, 0006B1D5,5,5, 0006B222,5,5
Matched, 0006B1DA,72,48, 0006B227,72,48
Replaced, 0006B222,27, 1B, 0006B26F,27, 1B
Matched, 0006B23D,47, 2F, 0006B28A,47, 2F
Replaced, 0006B26C,1,1, 0006B2B9,1,1
Matched, 0006B26D,93, 5D, 0006B2BA,93, 5D
Replaced, 0006B2CA,1,1, 0006B317,1,1
Matched, 0006B2CB,38,26, 0006B318,38,26
Replaced, 0006B2F1,35,23, 0006B33E,35,23
Matched, 0006B314,46, 2E, 0006B361,46, 2E
Replaced, 0006B342,2,2, 0006B38F,2,2
Matched, 0006B344,134,86, 0006B391,134,86
Replaced, 0006B3CA,1,1, 0006B417,1,1
Matched, 0006B3CB,80,50, 0006B418,80,50
Replaced, 0006B41B,33,21, 0006B468,33,21
Matched, 0006B43C,129,81, 0006B489,129,81
Replaced, 0006B4BD,2,2, 0006B50A,2,2
Matched, 0006B4BF,471, 01D7, 0006B50C,471, 01D7
Replaced, 0006B696,6,6, 0006B6E3,6,6
Matched, 0006B69C,33,21, 0006B6E9,33,21
Replaced, 0006B6BD,146,92, 0006B70A,146,92
Matched, 0006B74F,92, 5C, 0006B79C,92, 5C
Replaced, 0006B7AB,1,1, 0006B7F8,1,1
Matched, 0006B7AC,150,96, 0006B7F9,150,96
Replaced, 0006B842,1,1, 0006B88F,1,1
Matched, 0006B843,568,238, 0006B890,568,238
Replaced, 0006BA7B,22,16, 0006BAC8,22,16
Matched, 0006BA91,282, 011A, 0006BADE,282, 011A
Replaced, 0006BBAB,12, 0C, 0006BBF8,12, 0C
Matched, 0006BBB7,36,24, 0006BC04,36,24
Replaced, 0006BBDB,198, C6, 0006BC28,198, C6
Matched, 0006BCA1,40,28, 0006BCEE,40,28
Replaced, 0006BCC9,2,2, 0006BD16,2,2
Matched, 0006BCCB,32,20, 0006BD18,32,20
Replaced, 0006BCEB,2,2, 0006BD38,2,2
Matched, 0006BCED,32,20, 0006BD3A,32,20
Replaced, 0006BD0D,2,2, 0006BD5A,2,2
Matched, 0006BD0F,32,20, 0006BD5C,32,20
Replaced, 0006BD2F,2,2, 0006BD7C,2,2
Matched, 0006BD31,32,20, 0006BD7E,32,20
Replaced, 0006BD51,2,2, 0006BD9E,2,2
Matched, 0006BD53,32,20, 0006BDA0,32,20
Replaced, 0006BD73,2,2, 0006BDC0,2,2
Matched, 0006BD75,37,25, 0006BDC2,37,25
Replaced, 0006BD9A,1,1, 0006BDE7,1,1
Matched, 0006BD9B,95, 5F, 0006BDE8,95, 5F
Replaced, 0006BDFA,1,1, 0006BE47,1,1
Matched, 0006BDFB,65,41, 0006BE48,65,41
Replaced, 0006BE3C,1,1, 0006BE89,1,1
Matched, 0006BE3D,81,51, 0006BE8A,81,51
Replaced, 0006BE8E,80,50, 0006BEDB,80,50
Matched, 0006BEDE,65,41, 0006BF2B,65,41
Replaced, 0006BF1F,1,1, 0006BF6C,1,1
Matched, 0006BF20,81,51, 0006BF6D,81,51
Replaced, 0006BF71,61, 3D, 0006BFBE,61, 3D
Matched, 0006BFAE,39,27, 0006BFFB,39,27
Replaced, 0006BFD5,23,17, 0006C022,23,17
Matched, 0006BFEC,41,29, 0006C039,41,29
Replaced, 0006C015,11, 0B, 0006C062,11, 0B
Matched, 0006C020,40,28, 0006C06D,40,28
Replaced, 0006C048,72,48, 0006C095,72,48
Matched, 0006C090,40,28, 0006C0DD,40,28
Replaced, 0006C0B8,2,2, 0006C105,2,2
Matched, 0006C0BA,32,20, 0006C107,32,20
Replaced, 0006C0DA,2,2, 0006C127,2,2
Matched, 0006C0DC,32,20, 0006C129,32,20
Replaced, 0006C0FC,2,2, 0006C149,2,2
Matched, 0006C0FE,32,20, 0006C14B,32,20
Replaced, 0006C11E,2,2, 0006C16B,2,2
Matched, 0006C120,32,20, 0006C16D,32,20
Replaced, 0006C140,2,2, 0006C18D,2,2
Matched, 0006C142,32,20, 0006C18F,32,20
Replaced, 0006C162,2,2, 0006C1AF,2,2
Matched, 0006C164,48,30, 0006C1B1,48,30
Replaced, 0006C194,1,1, 0006C1E1,1,1
Matched, 0006C195,65,41, 0006C1E2,65,41
Replaced, 0006C1D6,1,1, 0006C223,1,1
Matched, 0006C1D7,81,51, 0006C224,81,51
Replaced, 0006C228,80,50, 0006C275,80,50
Matched, 0006C278,63, 3F, 0006C2C5,63, 3F
Replaced, 0006C2B7,1,1, 0006C304,1,1
Matched, 0006C2B8,81,51, 0006C305,81,51
Replaced, 0006C309,61, 3D, 0006C356,61, 3D
Matched, 0006C346,39,27, 0006C393,39,27
Replaced, 0006C36D,23,17, 0006C3BA,23,17
Matched, 0006C384,40,28, 0006C3D1,40,28
Replaced, 0006C3AC,2,2, 0006C3F9,2,2
Matched, 0006C3AE,187, BB, 0006C3FB,187, BB
Replaced, 0006C469,72,48, 0006C4B6,72,48
Matched, 0006C4B1,40,28, 0006C4FE,40,28
Replaced, 0006C4D9,2,2, 0006C526,2,2
Matched, 0006C4DB,32,20, 0006C528,32,20
Replaced, 0006C4FB,2,2, 0006C548,2,2
Matched, 0006C4FD,32,20, 0006C54A,32,20
Replaced, 0006C51D,2,2, 0006C56A,2,2
Matched, 0006C51F,32,20, 0006C56C,32,20
Replaced, 0006C53F,2,2, 0006C58C,2,2
Matched, 0006C541,32,20, 0006C58E,32,20
Replaced, 0006C561,2,2, 0006C5AE,2,2
Matched, 0006C563,32,20, 0006C5B0,32,20
Replaced, 0006C583,39,27, 0006C5D0,39,27
Matched, 0006C5AA,72,48, 0006C5F7,72,48
Replaced, 0006C5F2,9,9, 0006C63F,9,9
Matched, 0006C5FB,124, 7C, 0006C648,124, 7C
Replaced, 0006C677,1,1, 0006C6C4,1,1
Matched, 0006C678,33,21, 0006C6C5,33,21
Replaced, 0006C699,1,1, 0006C6E6,1,1
Matched, 0006C69A,56,38, 0006C6E7,56,38
Replaced, 0006C6D2,1,1, 0006C71F,1,1
Matched, 0006C6D3,85,55, 0006C720,85,55
Replaced, 0006C728,106, 6A, 0006C775,106, 6A
Matched, 0006C792,33,21, 0006C7DF,33,21
Replaced, 0006C7B3,1,1, 0006C800,1,1
Matched, 0006C7B4,54,36, 0006C801,54,36
Replaced, 0006C7EA,1,1, 0006C837,1,1
Matched, 0006C7EB,78, 4E, 0006C838,78, 4E
Replaced, 0006C839,289,121, 0006C886,289,121
Matched, 0006C95A,53,35, 0006C9A7,53,35
Replaced, 0006C98F,79, 4F, 0006C9DC,79, 4F
Matched, 0006C9DE,35,23, 0006CA2B,35,23
Replaced, 0006CA01,1,1, 0006CA4E,1,1
Matched, 0006CA02,61, 3D, 0006CA4F,61, 3D
Replaced, 0006CA3F,122, 7A, 0006CA8C,122, 7A
Matched, 0006CAB9,53,35, 0006CB06,53,35
Replaced, 0006CAEE,79, 4F, 0006CB3B,79, 4F
Matched, 0006CB3D,35,23, 0006CB8A,35,23
Replaced, 0006CB60,1,1, 0006CBAD,1,1
Matched, 0006CB61,61, 3D, 0006CBAE,61, 3D
Replaced, 0006CB9E,122, 7A, 0006CBEB,122, 7A
Matched, 0006CC18,53,35, 0006CC65,53,35
Replaced, 0006CC4D,64,40, 0006CC9A,64,40
Matched, 0006CC8D,48,30, 0006CCDA,48,30
Replaced, 0006CCBD,1,1, 0006CD0A,1,1
Matched, 0006CCBE,61, 3D, 0006CD0B,61, 3D
Replaced, 0006CCFB,263,107, 0006CD48,263,107
Matched, 0006CE02,108, 6C, 0006CE4F,108, 6C
Replaced, 0006CE6E,67,43, 0006CEBB,67,43
Matched, 0006CEB1,44, 2C, 0006CEFE,44, 2C
Replaced, 0006CEDD,2,2, 0006CF2A,2,2
Matched, 0006CEDF,32,20, 0006CF2C,32,20
Replaced, 0006CEFF,2,2, 0006CF4C,2,2
Matched, 0006CF01,32,20, 0006CF4E,32,20
Replaced, 0006CF21,2,2, 0006CF6E,2,2
Matched, 0006CF23,32,20, 0006CF70,32,20
Replaced, 0006CF43,2,2, 0006CF90,2,2
Matched, 0006CF45,32,20, 0006CF92,32,20
Replaced, 0006CF65,2,2, 0006CFB2,2,2
Matched, 0006CF67,32,20, 0006CFB4,32,20
Replaced, 0006CF87,39,27, 0006CFD4,39,27
Matched, 0006CFAE,72,48, 0006CFFB,72,48
Replaced, 0006CFF6,9,9, 0006D043,9,9
Matched, 0006CFFF,145,91, 0006D04C,145,91
Replaced, 0006D090,470, 01D6, 0006D0DD,470, 01D6
Matched, 0006D266,42, 2A, 0006D2B3,42, 2A
Replaced, 0006D290,1,1, 0006D2DD,1,1
Matched, 0006D291,56,38, 0006D2DE,56,38
Replaced, 0006D2C9,1,1, 0006D316,1,1
Matched, 0006D2CA,67,43, 0006D317,67,43
Replaced, 0006D30D,1,1, 0006D35A,1,1
Matched, 0006D30E,72,48, 0006D35B,72,48
Replaced, 0006D356,1,1, 0006D3A3,1,1
Matched, 0006D357,45, 2D, 0006D3A4,45, 2D
Replaced, 0006D384,1,1, 0006D3D1,1,1
Matched, 0006D385,185, B9, 0006D3D2,185, B9
Replaced, 0006D43E,24,18, 0006D48B,24,18
Matched, 0006D456,35,23, 0006D4A3,35,23
Replaced, 0006D479,15, 0F, 0006D4C6,15, 0F
Matched, 0006D488,35,23, 0006D4D5,35,23
Replaced, 0006D4AB,15, 0F, 0006D4F8,15, 0F
Matched, 0006D4BA,35,23, 0006D507,35,23
Replaced, 0006D4DD,57,39, 0006D52A,57,39
Matched, 0006D516,35,23, 0006D563,35,23
Replaced, 0006D539,15, 0F, 0006D586,15, 0F
Matched, 0006D548,35,23, 0006D595,35,23
Replaced, 0006D56B,15, 0F, 0006D5B8,15, 0F
Matched, 0006D57A,35,23, 0006D5C7,35,23
Replaced, 0006D59D,1,1, 0006D5EA,1,1
Matched, 0006D59E,40,28, 0006D5EB,40,28
Replaced, 0006D5C6,1,1, 0006D613,1,1
Matched, 0006D5C7,71,47, 0006D614,71,47
Replaced, 0006D60E,1,1, 0006D65B,1,1
Matched, 0006D60F,43, 2B, 0006D65C,43, 2B
Replaced, 0006D63A,92, 5C, 0006D687,92, 5C
Matched, 0006D696,57,39, 0006D6E3,57,39
Replaced, 0006D6CF,56,38, 0006D71C,56,38
Matched, 0006D707,56,38, 0006D754,56,38
Replaced, 0006D73F,68,44, 0006D78C,68,44
Matched, 0006D783,44, 2C, 0006D7D0,44, 2C
Replaced, 0006D7AF,57,39, 0006D7FC,57,39
Matched, 0006D7E8,44, 2C, 0006D835,44, 2C
Replaced, 0006D814,109, 6D, 0006D861,109, 6D
Matched, 0006D881,69,45, 0006D8CE,69,45
Replaced, 0006D8C6,27, 1B, 0006D913,27, 1B
Matched, 0006D8E1,54,36, 0006D92E,54,36
Replaced, 0006D917,1,1, 0006D964,1,1
Matched, 0006D918,48,30, 0006D965,48,30
Replaced, 0006D948,136,88, 0006D995,136,88
Matched, 0006D9D0,71,47, 0006DA1D,71,47
Replaced, 0006DA17,1,1, 0006DA64,1,1
Matched, 0006DA18,78, 4E, 0006DA65,78, 4E
Replaced, 0006DA66,220, DC, 0006DAB3,35,23
Matched, 0006DB42,34,22, 0006DAD6,34,22
Deleted, 0006DB64,0,0, 0006DAF8,185, B9
Matched, 0006DB64,37,25, 0006DBB1,37,25
Replaced, 0006DB89,1,1, 0006DBD6,1,1
Matched, 0006DB8A,78, 4E, 0006DBD7,78, 4E
Replaced, 0006DBD8,35,23, 0006DC25,35,23
Matched, 0006DBFB,71,47, 0006DC48,71,47
Replaced, 0006DC42,1,1, 0006DC8F,1,1
Matched, 0006DC43,112,70, 0006DC90,112,70
Replaced, 0006DCB3,68,44, 0006DD00,68,44
Matched, 0006DCF7,73,49, 0006DD44,73,49
Replaced, 0006DD40,1,1, 0006DD8D,1,1
Matched, 0006DD41,38,26, 0006DD8E,38,26
Replaced, 0006DD67,1,1, 0006DDB4,1,1
Matched, 0006DD68,295,127, 0006DDB5,295,127
Replaced, 0006DE8F,1,1, 0006DEDC,1,1
Matched, 0006DE90,152,98, 0006DEDD,152,98
Replaced, 0006DF28,1,1, 0006DF75,1,1
Matched, 0006DF29,212, D4, 0006DF76,212, D4
Replaced, 0006DFFD,1,1, 0006E04A,1,1
Matched, 0006DFFE,49,31, 0006E04B,49,31
Replaced, 0006E02F,45, 2D, 0006E07C,45, 2D
Matched, 0006E05C,45, 2D, 0006E0A9,45, 2D
Replaced,6.00E+89,62, 3E, 0006E0D6,62, 3E
Matched, 0006E0C7,47, 2F,6.00E+114,47, 2F
Replaced, 0006E0F6,59, 3B,6.00E+143,59, 3B
Matched,6.00E+131,887,377, 0006E17E,887,377
Replaced, 0006E4A8,1,1, 0006E4F5,1,1
Matched, 0006E4A9,54,36, 0006E4F6,54,36
Replaced, 0006E4DF,33,21, 0006E52C,33,21
Matched, 0006E500,96,60, 0006E54D,96,60
Replaced, 0006E560,23,17, 0006E5AD,23,17
Matched, 0006E577,67,43, 0006E5C4,67,43
Replaced, 0006E5BA,28, 1C, 0006E607,28, 1C
Matched, 0006E5D6,87,57, 0006E623,87,57
Replaced, 0006E62D,5,5, 0006E67A,5,5
Matched, 0006E632,103,67, 0006E67F,103,67
Replaced, 0006E699,8,8, 0006E6E6,8,8
Matched, 0006E6A1,208, D0, 0006E6EE,208, D0
Replaced, 0006E771,23,17, 0006E7BE,23,17
Matched, 0006E788,85,55, 0006E7D5,85,55
Replaced, 0006E7DD,68,44, 0006E82A,68,44
Matched, 0006E821,146,92, 0006E86E,146,92
Replaced, 0006E8B3,123, 7B, 0006E900,123, 7B
Matched, 0006E92E,69,45, 0006E97B,69,45
Replaced, 0006E973,67,43, 0006E9C0,67,43
Matched, 0006E9B6,49,31, 0006EA03,49,31
Replaced, 0006E9E7,2,2, 0006EA34,2,2
Matched, 0006E9E9,147,93, 0006EA36,147,93
Replaced, 0006EA7C,97,61, 0006EAC9,97,61
Matched, 0006EADD,80,50, 0006EB2A,80,50
Replaced, 0006EB2D,122, 7A, 0006EB7A,122, 7A
Matched, 0006EBA7,240, F0, 0006EBF4,240, F0
Replaced, 0006EC97,95, 5F, 0006ECE4,95, 5F
Matched, 0006ECF6,46, 2E, 0006ED43,46, 2E
Replaced, 0006ED24,105,69, 0006ED71,105,69
Matched, 0006ED8D,33,21, 0006EDDA,33,21
Replaced, 0006EDAE,454, 01C6, 0006EDFB,454, 01C6
Matched, 0006EF74,112,70, 0006EFC1,112,70
Replaced, 0006EFE4,55,37, 0006F031,55,37
Matched, 0006F01B,54,36, 0006F068,54,36
Replaced, 0006F051,28, 1C, 0006F09E,28, 1C
Matched, 0006F06D,107, 6B, 0006F0BA,107, 6B
Replaced, 0006F0D8,66,42, 0006F125,66,42
Matched, 0006F11A,193, C1, 0006F167,193, C1
Replaced, 0006F1DB,110, 6E, 0006F228,110, 6E
Matched, 0006F249,215, D7, 0006F296,215, D7
Replaced, 0006F320,55,37, 0006F36D,55,37
Matched, 0006F357,82,52, 0006F3A4,82,52
Replaced, 0006F3A9,89,59, 0006F3F6,89,59
Matched, 0006F402,82,52, 0006F44F,82,52
Replaced, 0006F454,90, 5A, 0006F4A1,90, 5A
Matched, 0006F4AE,81,51, 0006F4FB,81,51
Replaced, 0006F4FF,175, AF, 0006F54C,175, AF
Matched, 0006F5AE,109, 6D, 0006F5FB,109, 6D
Replaced, 0006F61B,79, 4F, 0006F668,79, 4F
Matched, 0006F66A,316, 013C, 0006F6B7,316, 013C
Replaced, 0006F7A6,95, 5F, 0006F7F3,95, 5F
Matched, 0006F805,253, FD, 0006F852,253, FD
Replaced, 0006F902,62, 3E, 0006F94F,62, 3E
Matched, 0006F940,75, 4B, 0006F98D,75, 4B
Replaced, 0006F98B,89,59, 0006F9D8,89,59
Matched, 0006F9E4,54,36, 0006FA31,54,36
Replaced, 0006FA1A,33,21, 0006FA67,33,21
Matched, 0006FA3B,39,27, 0006FA88,39,27
Replaced, 0006FA62,73,49, 0006FAAF,73,49
Matched, 0006FAAB,87,57, 0006FAF8,87,57
Replaced, 0006FB02,80,50, 0006FB4F,80,50
Matched, 0006FB52,378, 017A, 0006FB9F,378, 017A
Replaced, 0006FCCC,33,21, 0006FD19,33,21
Matched, 0006FCED,45, 2D, 0006FD3A,45, 2D
Replaced, 0006FD1A,104,68, 0006FD67,104,68
Matched, 0006FD82,72,48, 0006FDCF,72,48
Replaced, 0006FDCA,11, 0B, 0006FE17,11, 0B
Matched, 0006FDD5,165, A5, 0006FE22,165, A5
Replaced, 0006FE7A,537,219, 0006FEC7,537,219
Matched,70093,75, 4B,7.00E+02,75, 4B
Replaced, 000700DE,28, 1C, 0007012B,28, 1C
Matched, 000700FA,74, 4A,70147,74, 4A
Replaced,70144,1,1,70191,1,1
Matched,70145,53,35,70192,53,35
Replaced, 0007017A,43, 2B, 000701C7,43, 2B
Matched, 000701A5,32,20, 000701F2,32,20
Replaced, 000701C5,157, 9D,70212,157, 9D
Matched,70262,53,35, 000702AF,53,35
Replaced,70297,45, 2D,7.02E+06,45, 2D
Matched, 000702C4,54,36,70311,54,36
Replaced, 000702FA,9,9,70347,9,9
Matched,70303,87,57,70350,87,57
Replaced, 0007035A,81,51, 000703A7,81,51
Matched, 000703AB,365, 016D, 000703F8,365, 016D
Replaced,70518,1,1,70565,1,1
Matched,70519,45, 2D,70566,45, 2D
Replaced,70546,56,38,70593,56,38
Matched, 0007057E,179, B3, 000705CB,179, B3
Replaced,70631,26, 1A, 0007067E,26, 1A
Matched, 0007064B,178, B2,70698,178, B2
Replaced, 000706FD,27, 1B, 0007074A,27, 1B
Matched,70718,46, 2E,70765,46, 2E
Replaced,70746,2,2,70793,2,2
Matched,70748,46, 2E,70795,46, 2E
Replaced,70776,2,2, 000707C3,2,2
Matched,70778,325,145, 000707C5,325,145
Replaced, 000708BD,26, 1A, 0007090A,26, 1A
Matched, 000708D7,71,47,70924,71,47
Replaced, 0007091E,1,1, 0007096B,1,1
Matched, 0007091F,34,22, 0007096C,34,22
Replaced,70941,74, 4A, 0007098E,74, 4A
Matched, 0007098B,126, 7E, 000709D8,126, 7E
Replaced, 00070A09,1,1, 00070A56,1,1
Matched, 00070A0A,66,42, 00070A57,66,42
Replaced, 00070A4C,32,20, 00070A99,32,20
Matched, 00070A6C,42, 2A, 00070AB9,42, 2A
Replaced, 00070A96,44, 2C, 00070AE3,44, 2C
Matched, 00070AC2,32,20, 00070B0F,32,20
Replaced, 00070AE2,63, 3F, 00070B2F,63, 3F
Matched, 00070B21,89,59, 00070B6E,89,59
Replaced, 00070B7A,165, A5, 00070BC7,165, A5
Matched, 00070C1F,108, 6C, 00070C6C,108, 6C
Replaced, 00070C8B,30, 1E, 00070CD8,30, 1E
Matched, 00070CA9,60, 3C, 00070CF6,60, 3C
Replaced, 00070CE5,118,76, 00070D32,118,76
Matched, 00070D5B,146,92, 00070DA8,146,92
Replaced, 00070DED,67,43, 00070E3A,67,43
Matched,7.00E+31,79, 4F, 00070E7D,79, 4F
Replaced, 00070E7F,1,1, 00070ECC,1,1
Matched,7.00E+81,44, 2C, 00070ECD,44, 2C
Replaced, 00070EAC,21,15, 00070EF9,21,15
Matched, 00070EC1,146,92, 00070F0E,146,92
Replaced, 00070F53,30, 1E, 00070FA0,30, 1E
Matched, 00070F71,63, 3F, 00070FBE,63, 3F
Replaced, 00070FB0,1,1, 00070FFD,1,1
Matched, 00070FB1,44, 2C, 00070FFE,44, 2C
Replaced, 00070FDD,1,1, 0007102A,1,1
Matched, 00070FDE,35,23, 0007102B,35,23
Replaced,71001,15, 0F, 0007104E,15, 0F
Matched,71010,152,98, 0007105D,152,98
Replaced, 000710A8,74, 4A, 000710F5,74, 4A
Matched, 000710F2,76, 4C, 0007113F,76, 4C
Replaced, 0007113E,1,1, 0007118B,1,1
Matched, 0007113F,44, 2C, 0007118C,44, 2C
Replaced, 0007116B,30, 1E, 000711B8,30, 1E
Matched,71189,139, 8B, 000711D6,139, 8B
Replaced,71214,9,9,71261,9,9
Matched, 0007121D,65,41, 0007126A,65,41
Replaced, 0007125E,33,21, 000712AB,33,21
Matched, 0007127F,75, 4B, 000712CC,75, 4B
Replaced, 000712CA,150,96,71317,150,96
Matched,71360,44, 2C, 000713AD,44, 2C
Replaced, 0007138C,43, 2B, 000713D9,43, 2B
Matched, 000713B7,79, 4F,71404,79, 4F
Replaced,71406,13, 0D,71453,13, 0D
Matched,71413,107, 6B,71460,107, 6B
Replaced, 0007147E,42, 2A, 000714CB,42, 2A
Matched, 000714A8,308,134, 000714F5,308,134
Replaced, 000715DC,2,2,71629,2,2
Matched, 000715DE,51,33, 0007162B,51,33
Replaced,71611,9,9, 0007165E,9,9
Matched, 0007161A,243, F3,71667,243, F3
Replaced, 0007170D,139, 8B, 0007175A,139, 8B
Matched,71798,167, A7,7.17E+07,167, A7
Replaced, 0007183F,26, 1A, 0007188C,26, 1A
Matched,71859,71,47, 000718A6,71,47
Replaced, 000718A0,2,2, 000718ED,2,2
Matched, 000718A2,45, 2D, 000718EF,45, 2D
Replaced, 000718CF,2,2, 0007191C,2,2
Matched, 000718D1,180, B4, 0007191E,180, B4
Replaced,71985,25,19, 000719D2,25,19
Matched, 0007199E,50,32, 000719EB,50,32
Replaced, 000719D0,2,2, 00071A1D,2,2
Matched, 000719D2,114,72, 00071A1F,114,72
Replaced, 00071A44,2,2, 00071A91,2,2
Matched, 00071A46,78, 4E, 00071A93,78, 4E
Replaced, 00071A94,116,74, 00071AE1,116,74
Matched, 00071B08,63, 3F, 00071B55,63, 3F
Replaced, 00071B47,57,39, 00071B94,57,39
Matched, 00071B80,100,64, 00071BCD,100,64
Replaced, 00071BE4,46, 2E, 00071C31,46, 2E
Matched, 00071C12,37,25, 00071C5F,37,25
Replaced, 00071C37,9,9, 00071C84,9,9
Matched, 00071C40,37,25, 00071C8D,37,25
Replaced, 00071C65,9,9, 00071CB2,9,9
Matched, 00071C6E,37,25, 00071CBB,37,25
Replaced, 00071C93,9,9, 00071CE0,9,9
Matched, 00071C9C,37,25, 00071CE9,37,25
Replaced, 00071CC1,10, 0A, 00071D0E,10, 0A
Matched, 00071CCB,36,24, 00071D18,36,24
Replaced, 00071CEF,2,2, 00071D3C,2,2
Matched, 00071CF1,41,29, 00071D3E,41,29
Replaced, 00071D1A,67,43, 00071D67,67,43
Matched, 00071D5D,101,65, 00071DAA,101,65
Replaced, 00071DC2,46, 2E, 00071E0F,46, 2E
Matched, 00071DF0,37,25, 00071E3D,37,25
Replaced,7.10E+16,9,9,7.10E+63,9,9
Matched, 00071E1E,37,25, 00071E6B,37,25
Replaced,7.10E+44,9,9,7.10E+91,9,9
Matched, 00071E4C,37,25,7.10E+100,37,25
Replaced,7.10E+72,9,9, 00071EBE,9,9
Matched, 00071E7A,37,25, 00071EC7,37,25
Replaced, 00071E9F,10, 0A, 00071EEC,10, 0A
Matched, 00071EA9,36,24, 00071EF6,36,24
Replaced, 00071ECD,60, 3C, 00071F1A,60, 3C
Matched, 00071F09,101,65, 00071F56,101,65
Replaced, 00071F6E,140, 8C, 00071FBB,140, 8C
Matched, 00071FFA,109, 6D,72047,109, 6D
Replaced,72067,223, DF, 000720B4,223, DF
Matched,72146,104,68,72193,104,68
Replaced, 000721AE,47, 2F, 000721FB,47, 2F
Matched, 000721DD,36,24, 0007222A,36,24
Replaced,72201,9,9, 0007224E,9,9
Matched, 0007220A,37,25,72257,37,25
Replaced, 0007222F,9,9, 0007227C,9,9
Matched,72238,37,25,72285,37,25
Replaced, 0007225D,9,9, 000722AA,9,9
Matched,72266,37,25, 000722B3,37,25
Replaced, 0007228B,75, 4B, 000722D8,75, 4B
Matched, 000722D6,112,70,72323,112,70
Replaced,72346,253, FD,72393,253, FD
Matched,72443,110, 6E,72490,110, 6E
Replaced, 000724B1,251, FB, 000724FE,251, FB
Matched, 000725AC,111, 6F, 000725F9,111, 6F
Replaced, 0007261B,198, C6,72668,198, C6
Matched,7.26E+03,89,59, 0007272E,89,59
Replaced, 0007273A,35,23,72787,35,23
Matched, 0007275D,125, 7D, 000727AA,125, 7D
Replaced, 000727DA,38,26,72827,38,26
Matched,72800,89,59, 0007284D,89,59
Replaced,72859,5,5, 000728A6,5,5
Matched, 0007285E,128,80, 000728AB,128,80
Replaced, 000728DE,2,2, 0007292B,2,2
Matched,7.28E+02,5843, 16D3, 0007292D,5843, 16D3
Inserted, 00073FB3,77, 4D,74000,0,0
Matched,74000,679936, 000A6000,74000,679936, 000A6000
Replaced, 0011A000,491, 01EB, 0011A000,493, 01ED
Matched, 0011A1EB,19940, 4DE4, 0011A1ED,19940, 4DE4
Deleted, 0011EFCF,0,0, 0011EFD1,26, 1A
Matched, 0011EFCF,36885,9015, 0011EFEB,36885,9015
Replaced, 00127FE4,29, 1D,128000,1,1
Matched,128001,884735, 000D7FFF,128001,884735, 000D7FFF
